"","hour","total","holiday","wday"
"1","20",2,"0","Sat"
"2","22",1,"0","Sat"
"3","12",3,"0","Sun"
"4","13",5,"0","Sun"
"5","14",1,"0","Sun"
"6","15",7,"0","Sun"
"7","16",5,"0","Sun"
"8","17",2,"0","Sun"
"9","19",1,"0","Sun"
"10","20",2,"0","Sun"
"11","21",1,"0","Sun"
"12","22",1,"0","Sun"
"13","11",1,"0","Mon"
"14","13",1,"0","Mon"
"15","14",1,"0","Mon"
"16","16",1,"0","Mon"
"17","21",1,"0","Mon"
"18","22",9,"0","Mon"
"19","9",1,"0","Tues"
"20","11",1,"0","Tues"
"21","13",1,"0","Tues"
"22","16",2,"0","Tues"
"23","5",1,"0","Wed"
"24","12",2,"0","Wed"
"25","19",1,"0","Wed"
"26","23",1,"0","Wed"
"27","0",1,"0","Thurs"
"28","12",1,"0","Thurs"
"29","13",2,"0","Thurs"
"30","14",1,"0","Thurs"
"31","15",2,"0","Thurs"
"32","16",1,"0","Thurs"
"33","17",1,"0","Thurs"
"34","21",1,"0","Thurs"
"35","13",2,"0","Fri"
"36","14",3,"0","Fri"
"37","15",1,"0","Fri"
"38","20",1,"0","Fri"
"39","21",1,"0","Fri"
"40","23",2,"0","Fri"
"41","0",1,"0","Sat"
"42","2",2,"0","Sat"
"43","10",1,"0","Sat"
"44","11",1,"0","Sat"
"45","12",2,"0","Sat"
"46","13",6,"0","Sat"
"47","15",2,"0","Sat"
"48","16",3,"0","Sat"
"49","17",3,"0","Sat"
"50","18",3,"0","Sat"
"51","19",6,"0","Sat"
"52","20",3,"0","Sat"
"53","2",2,"0","Sun"
"54","9",1,"0","Sun"
"55","12",2,"0","Sun"
"56","13",3,"0","Sun"
"57","15",1,"0","Sun"
"58","16",2,"0","Sun"
"59","18",1,"0","Sun"
"60","19",3,"0","Sun"
"61","23",4,"0","Sun"
"62","0",1,"0","Mon"
"63","12",1,"0","Mon"
"64","13",2,"0","Mon"
"65","16",2,"0","Mon"
"66","17",1,"0","Mon"
"67","18",6,"0","Mon"
"68","8",1,"0","Tues"
"69","9",1,"0","Tues"
"70","10",1,"0","Tues"
"71","14",1,"0","Tues"
"72","15",2,"0","Tues"
"73","21",3,"0","Tues"
"74","22",1,"0","Tues"
"75","16",1,"0","Wed"
"76","18",1,"0","Wed"
"77","19",1,"0","Wed"
"78","20",1,"0","Wed"
"79","21",2,"0","Wed"
"80","13",3,"0","Thurs"
"81","14",1,"0","Thurs"
"82","20",1,"0","Thurs"
"83","21",2,"0","Thurs"
"84","22",1,"0","Thurs"
"85","6",2,"0","Fri"
"86","8",2,"0","Fri"
"87","9",1,"0","Fri"
"88","12",3,"0","Fri"
"89","14",1,"0","Fri"
"90","15",1,"0","Fri"
"91","18",4,"0","Fri"
"92","19",4,"0","Fri"
"93","20",1,"0","Fri"
"94","21",4,"0","Fri"
"95","22",6,"0","Fri"
"96","0",1,"0","Sat"
"97","10",1,"0","Sat"
"98","11",3,"0","Sat"
"99","12",1,"0","Sat"
"100","14",1,"0","Sat"
"101","15",4,"0","Sat"
"102","16",1,"0","Sat"
"103","17",3,"0","Sat"
"104","19",1,"0","Sat"
"105","20",3,"0","Sat"
"106","0",1,"0","Sun"
"107","5",2,"0","Sun"
"108","12",3,"0","Sun"
"109","14",1,"0","Sun"
"110","15",4,"0","Sun"
"111","17",2,"0","Sun"
"112","19",1,"0","Sun"
"113","20",1,"0","Sun"
"114","21",2,"0","Sun"
"115","8",1,"0","Mon"
"116","10",1,"0","Mon"
"117","11",4,"0","Mon"
"118","12",4,"0","Mon"
"119","13",1,"0","Mon"
"120","14",4,"0","Mon"
"121","15",1,"0","Mon"
"122","16",1,"0","Mon"
"123","17",1,"0","Mon"
"124","18",1,"0","Mon"
"125","19",2,"0","Mon"
"126","22",2,"0","Mon"
"127","8",1,"0","Tues"
"128","10",1,"0","Tues"
"129","15",2,"0","Tues"
"130","18",1,"0","Tues"
"131","19",1,"0","Tues"
"132","11",1,"0","Wed"
"133","13",3,"0","Wed"
"134","14",2,"0","Wed"
"135","16",1,"0","Wed"
"136","15",1,"0","Thurs"
"137","1",1,"0","Fri"
"138","7",1,"0","Fri"
"139","11",1,"0","Fri"
"140","13",2,"0","Fri"
"141","14",1,"0","Fri"
"142","18",1,"0","Fri"
"143","20",1,"0","Fri"
"144","21",1,"0","Fri"
"145","11",7,"0","Sat"
"146","12",4,"0","Sat"
"147","13",9,"0","Sat"
"148","14",7,"0","Sat"
"149","15",5,"0","Sat"
"150","16",8,"0","Sat"
"151","17",6,"0","Sat"
"152","18",3,"0","Sat"
"153","19",1,"0","Sat"
"154","20",1,"0","Sat"
"155","10",1,"0","Sun"
"156","11",5,"0","Sun"
"157","12",6,"0","Sun"
"158","13",2,"0","Sun"
"159","15",1,"0","Sun"
"160","16",6,"0","Sun"
"161","17",3,"0","Sun"
"162","18",1,"0","Sun"
"163","19",1,"0","Sun"
"164","21",2,"0","Sun"
"165","22",1,"0","Sun"
"166","0",1,"1","Mon"
"167","9",2,"1","Mon"
"168","11",2,"1","Mon"
"169","14",1,"1","Mon"
"170","15",2,"1","Mon"
"171","16",3,"1","Mon"
"172","19",3,"1","Mon"
"173","20",3,"1","Mon"
"174","21",2,"1","Mon"
"175","22",1,"1","Mon"
"176","23",2,"1","Mon"
"177","6",1,"0","Tues"
"178","7",1,"0","Tues"
"179","9",4,"0","Tues"
"180","10",1,"0","Tues"
"181","12",2,"0","Tues"
"182","13",2,"0","Tues"
"183","15",1,"0","Tues"
"184","16",1,"0","Tues"
"185","19",2,"0","Tues"
"186","13",1,"0","Wed"
"187","14",1,"0","Wed"
"188","16",1,"0","Wed"
"189","17",8,"0","Wed"
"190","18",5,"0","Wed"
"191","19",1,"0","Wed"
"192","21",1,"0","Wed"
"193","8",1,"0","Thurs"
"194","9",2,"0","Thurs"
"195","12",3,"0","Thurs"
"196","13",3,"0","Thurs"
"197","14",1,"0","Thurs"
"198","16",3,"0","Thurs"
"199","17",1,"0","Thurs"
"200","23",3,"0","Thurs"
"201","13",1,"0","Fri"
"202","14",2,"0","Fri"
"203","16",1,"0","Fri"
"204","17",1,"0","Fri"
"205","18",3,"0","Fri"
"206","19",2,"0","Fri"
"207","20",2,"0","Fri"
"208","21",1,"0","Fri"
"209","22",1,"0","Fri"
"210","23",1,"0","Fri"
"211","1",2,"0","Sat"
"212","8",1,"0","Sat"
"213","9",1,"0","Sat"
"214","13",3,"0","Sat"
"215","15",3,"0","Sat"
"216","16",5,"0","Sat"
"217","17",4,"0","Sat"
"218","18",1,"0","Sat"
"219","19",1,"0","Sat"
"220","0",1,"0","Sun"
"221","10",2,"0","Sun"
"222","14",3,"0","Sun"
"223","16",4,"0","Sun"
"224","17",2,"0","Sun"
"225","18",1,"0","Sun"
"226","19",2,"0","Sun"
"227","20",1,"0","Sun"
"228","0",1,"0","Mon"
"229","10",1,"0","Mon"
"230","11",1,"0","Mon"
"231","12",1,"0","Mon"
"232","13",1,"0","Mon"
"233","14",1,"0","Mon"
"234","16",1,"0","Mon"
"235","18",1,"0","Mon"
"236","13",1,"0","Tues"
"237","15",2,"0","Tues"
"238","16",2,"0","Tues"
"239","17",1,"0","Tues"
"240","21",1,"0","Tues"
"241","18",1,"0","Wed"
"242","21",1,"0","Wed"
"243","10",1,"0","Thurs"
"244","14",1,"0","Thurs"
"245","16",2,"0","Thurs"
"246","17",2,"0","Thurs"
"247","18",3,"0","Thurs"
"248","19",1,"0","Thurs"
"249","20",1,"0","Thurs"
"250","21",3,"0","Thurs"
"251","11",1,"0","Fri"
"252","12",1,"0","Fri"
"253","14",2,"0","Fri"
"254","16",4,"0","Fri"
"255","17",1,"0","Fri"
"256","18",2,"0","Fri"
"257","19",4,"0","Fri"
"258","20",2,"0","Fri"
"259","22",4,"0","Fri"
"260","9",1,"0","Sat"
"261","10",2,"0","Sat"
"262","11",3,"0","Sat"
"263","12",3,"0","Sat"
"264","13",4,"0","Sat"
"265","14",2,"0","Sat"
"266","15",6,"0","Sat"
"267","16",3,"0","Sat"
"268","17",2,"0","Sat"
"269","18",5,"0","Sat"
"270","19",1,"0","Sat"
"271","20",1,"0","Sat"
"272","21",4,"0","Sat"
"273","22",2,"0","Sat"
"274","23",1,"0","Sat"
"275","12",2,"0","Sun"
"276","13",2,"0","Sun"
"277","15",3,"0","Sun"
"278","16",2,"0","Sun"
"279","17",1,"0","Sun"
"280","19",2,"0","Sun"
"281","11",1,"0","Mon"
"282","16",1,"0","Mon"
"283","19",1,"0","Mon"
"284","22",1,"0","Mon"
"285","10",1,"0","Tues"
"286","11",1,"0","Tues"
"287","13",2,"0","Tues"
"288","14",1,"0","Tues"
"289","23",1,"0","Tues"
"290","6",1,"0","Wed"
"291","12",3,"0","Wed"
"292","13",1,"0","Wed"
"293","14",2,"0","Wed"
"294","18",1,"0","Wed"
"295","22",1,"0","Wed"
"296","23",1,"0","Wed"
"297","11",1,"0","Thurs"
"298","14",1,"0","Thurs"
"299","15",1,"0","Thurs"
"300","18",1,"0","Thurs"
"301","11",1,"0","Fri"
"302","14",2,"0","Fri"
"303","17",1,"0","Fri"
"304","21",1,"0","Fri"
"305","11",1,"0","Sat"
"306","13",3,"0","Sat"
"307","14",1,"0","Sat"
"308","15",4,"0","Sat"
"309","16",3,"0","Sat"
"310","17",3,"0","Sat"
"311","18",1,"0","Sat"
"312","20",1,"0","Sat"
"313","21",2,"0","Sat"
"314","23",6,"0","Sat"
"315","10",2,"0","Sun"
"316","12",1,"0","Sun"
"317","13",2,"0","Sun"
"318","14",3,"0","Sun"
"319","15",5,"0","Sun"
"320","17",1,"0","Sun"
"321","19",6,"0","Sun"
"322","20",2,"0","Sun"
"323","21",1,"0","Sun"
"324","1",1,"0","Mon"
"325","2",7,"0","Mon"
"326","6",2,"0","Mon"
"327","8",2,"0","Mon"
"328","9",1,"0","Mon"
"329","13",3,"0","Mon"
"330","14",1,"0","Mon"
"331","15",2,"0","Mon"
"332","16",1,"0","Mon"
"333","21",1,"0","Mon"
"334","23",1,"0","Mon"
"335","10",2,"0","Tues"
"336","11",1,"0","Tues"
"337","13",2,"0","Tues"
"338","15",2,"0","Tues"
"339","19",1,"0","Tues"
"340","22",9,"0","Tues"
"341","10",1,"0","Wed"
"342","14",1,"0","Wed"
"343","15",1,"0","Wed"
"344","16",1,"0","Wed"
"345","17",1,"0","Wed"
"346","19",1,"0","Wed"
"347","9",1,"0","Thurs"
"348","12",1,"0","Thurs"
"349","15",1,"0","Thurs"
"350","17",2,"0","Thurs"
"351","20",1,"0","Thurs"
"352","8",2,"0","Fri"
"353","12",5,"0","Fri"
"354","13",2,"0","Fri"
"355","15",4,"0","Fri"
"356","16",3,"0","Fri"
"357","18",1,"0","Fri"
"358","19",4,"0","Fri"
"359","20",1,"0","Fri"
"360","21",2,"0","Fri"
"361","23",1,"0","Fri"
"362","8",3,"0","Sat"
"363","9",2,"0","Sat"
"364","10",1,"0","Sat"
"365","11",5,"0","Sat"
"366","12",1,"0","Sat"
"367","13",4,"0","Sat"
"368","14",3,"0","Sat"
"369","15",9,"0","Sat"
"370","16",4,"0","Sat"
"371","17",6,"0","Sat"
"372","18",3,"0","Sat"
"373","19",1,"0","Sat"
"374","21",1,"0","Sat"
"375","9",1,"0","Sun"
"376","10",1,"0","Sun"
"377","11",1,"0","Sun"
"378","12",1,"0","Sun"
"379","13",1,"0","Sun"
"380","14",1,"0","Sun"
"381","15",3,"0","Sun"
"382","16",9,"0","Sun"
"383","17",2,"0","Sun"
"384","18",1,"0","Sun"
"385","19",4,"0","Sun"
"386","20",1,"0","Sun"
"387","9",3,"0","Mon"
"388","11",3,"0","Mon"
"389","12",1,"0","Mon"
"390","13",3,"0","Mon"
"391","15",2,"0","Mon"
"392","17",2,"0","Mon"
"393","18",3,"0","Mon"
"394","19",2,"0","Mon"
"395","20",2,"0","Mon"
"396","21",5,"0","Mon"
"397","22",1,"0","Mon"
"398","9",2,"1","Tues"
"399","10",1,"1","Tues"
"400","16",1,"1","Tues"
"401","19",1,"1","Tues"
"402","21",7,"1","Tues"
"403","22",1,"1","Tues"
"404","8",1,"0","Wed"
"405","13",2,"0","Wed"
"406","15",1,"0","Wed"
"407","17",1,"0","Wed"
"408","18",2,"0","Wed"
"409","19",1,"0","Wed"
"410","22",1,"0","Wed"
"411","11",3,"0","Thurs"
"412","12",4,"0","Thurs"
"413","13",3,"0","Thurs"
"414","14",2,"0","Thurs"
"415","15",1,"0","Thurs"
"416","16",1,"0","Thurs"
"417","17",1,"0","Thurs"
"418","20",1,"0","Thurs"
"419","11",1,"0","Fri"
"420","12",1,"0","Fri"
"421","14",1,"0","Fri"
"422","15",4,"0","Fri"
"423","18",4,"0","Fri"
"424","19",7,"0","Fri"
"425","20",11,"0","Fri"
"426","21",6,"0","Fri"
"427","22",2,"0","Fri"
"428","1",1,"0","Sat"
"429","10",3,"0","Sat"
"430","11",2,"0","Sat"
"431","12",2,"0","Sat"
"432","13",3,"0","Sat"
"433","14",2,"0","Sat"
"434","15",6,"0","Sat"
"435","16",4,"0","Sat"
"436","17",2,"0","Sat"
"437","18",1,"0","Sat"
"438","20",6,"0","Sat"
"439","21",1,"0","Sat"
"440","22",2,"0","Sat"
"441","0",3,"0","Sun"
"442","10",1,"0","Sun"
"443","11",1,"0","Sun"
"444","12",3,"0","Sun"
"445","13",3,"0","Sun"
"446","14",3,"0","Sun"
"447","15",5,"0","Sun"
"448","16",3,"0","Sun"
"449","17",2,"0","Sun"
"450","20",5,"0","Sun"
"451","21",1,"0","Sun"
"452","22",1,"0","Sun"
"453","7",1,"0","Mon"
"454","12",2,"0","Mon"
"455","21",3,"0","Mon"
"456","22",1,"0","Mon"
"457","23",1,"0","Mon"
"458","9",2,"0","Tues"
"459","12",4,"0","Tues"
"460","13",1,"0","Tues"
"461","15",2,"0","Tues"
"462","16",2,"0","Tues"
"463","17",1,"0","Tues"
"464","18",1,"0","Tues"
"465","10",1,"0","Wed"
"466","14",1,"0","Wed"
"467","15",4,"0","Wed"
"468","16",4,"0","Wed"
"469","18",1,"0","Wed"
"470","6",1,"0","Thurs"
"471","10",3,"0","Thurs"
"472","15",1,"0","Thurs"
"473","16",2,"0","Thurs"
"474","21",1,"0","Thurs"
"475","22",1,"0","Thurs"
"476","8",1,"0","Fri"
"477","9",2,"0","Fri"
"478","12",1,"0","Fri"
"479","14",1,"0","Fri"
"480","15",1,"0","Fri"
"481","17",1,"0","Fri"
"482","18",2,"0","Fri"
"483","19",3,"0","Fri"
"484","20",1,"0","Fri"
"485","22",2,"0","Fri"
"486","1",1,"0","Sat"
"487","7",1,"0","Sat"
"488","8",1,"0","Sat"
"489","11",1,"0","Sat"
"490","12",3,"0","Sat"
"491","13",1,"0","Sat"
"492","14",3,"0","Sat"
"493","15",6,"0","Sat"
"494","16",4,"0","Sat"
"495","17",6,"0","Sat"
"496","18",2,"0","Sat"
"497","19",2,"0","Sat"
"498","20",1,"0","Sat"
"499","22",1,"0","Sat"
"500","10",1,"0","Sun"
"501","11",2,"0","Sun"
"502","12",1,"0","Sun"
"503","13",4,"0","Sun"
"504","14",5,"0","Sun"
"505","15",1,"0","Sun"
"506","17",2,"0","Sun"
"507","18",1,"0","Sun"
"508","19",2,"0","Sun"
"509","7",1,"0","Mon"
"510","10",12,"0","Mon"
"511","11",20,"0","Mon"
"512","12",6,"0","Mon"
"513","13",1,"0","Mon"
"514","15",1,"0","Mon"
"515","16",1,"0","Mon"
"516","17",1,"0","Mon"
"517","20",1,"0","Mon"
"518","12",3,"0","Tues"
"519","13",2,"0","Tues"
"520","14",2,"0","Tues"
"521","15",2,"0","Tues"
"522","18",4,"0","Tues"
"523","20",1,"0","Tues"
"524","11",3,"0","Wed"
"525","12",1,"0","Wed"
"526","13",1,"0","Wed"
"527","15",1,"0","Wed"
"528","10",2,"1","Fri"
"529","11",1,"1","Fri"
"530","12",1,"1","Fri"
"531","13",3,"1","Fri"
"532","14",3,"1","Fri"
"533","15",7,"1","Fri"
"534","17",3,"1","Fri"
"535","18",2,"1","Fri"
"536","19",2,"1","Fri"
"537","20",2,"1","Fri"
"538","21",2,"1","Fri"
"539","22",1,"1","Fri"
"540","0",1,"0","Sat"
"541","7",2,"0","Sat"
"542","10",1,"0","Sat"
"543","12",2,"0","Sat"
"544","13",6,"0","Sat"
"545","14",2,"0","Sat"
"546","15",4,"0","Sat"
"547","16",5,"0","Sat"
"548","17",7,"0","Sat"
"549","18",3,"0","Sat"
"550","19",1,"0","Sat"
"551","20",4,"0","Sat"
"552","22",1,"0","Sat"
"553","23",2,"0","Sat"
"554","2",1,"0","Sun"
"555","12",9,"0","Sun"
"556","13",16,"0","Sun"
"557","14",12,"0","Sun"
"558","16",2,"0","Sun"
"559","17",4,"0","Sun"
"560","19",1,"0","Sun"
"561","20",4,"0","Sun"
"562","8",1,"0","Mon"
"563","14",3,"0","Mon"
"564","15",1,"0","Mon"
"565","14",1,"0","Tues"
"566","17",1,"0","Tues"
"567","18",1,"0","Tues"
"568","11",1,"0","Wed"
"569","15",1,"0","Wed"
"570","18",1,"0","Wed"
"571","21",2,"0","Wed"
"572","15",2,"0","Thurs"
"573","16",1,"0","Thurs"
"574","18",1,"0","Thurs"
"575","22",1,"0","Thurs"
"576","10",1,"0","Fri"
"577","11",1,"0","Fri"
"578","12",3,"0","Fri"
"579","17",1,"0","Fri"
"580","19",4,"0","Fri"
"581","21",1,"0","Fri"
"582","22",2,"0","Fri"
"583","9",2,"0","Sat"
"584","10",5,"0","Sat"
"585","11",4,"0","Sat"
"586","12",4,"0","Sat"
"587","13",1,"0","Sat"
"588","14",5,"0","Sat"
"589","15",2,"0","Sat"
"590","16",1,"0","Sat"
"591","17",1,"0","Sat"
"592","18",3,"0","Sat"
"593","20",2,"0","Sat"
"594","21",1,"0","Sat"
"595","22",2,"0","Sat"
"596","23",2,"0","Sat"
"597","0",5,"0","Sun"
"598","1",2,"0","Sun"
"599","7",1,"0","Sun"
"600","9",1,"0","Sun"
"601","10",2,"0","Sun"
"602","11",1,"0","Sun"
"603","12",6,"0","Sun"
"604","13",2,"0","Sun"
"605","14",3,"0","Sun"
"606","15",3,"0","Sun"
"607","16",6,"0","Sun"
"608","17",4,"0","Sun"
"609","19",2,"0","Sun"
"610","7",1,"0","Mon"
"611","8",1,"0","Mon"
"612","14",4,"0","Mon"
"613","15",2,"0","Mon"
"614","18",1,"0","Mon"
"615","19",5,"0","Mon"
"616","20",1,"0","Mon"
"617","21",5,"0","Mon"
"618","22",1,"0","Mon"
"619","11",1,"0","Tues"
"620","14",1,"0","Tues"
"621","15",1,"0","Tues"
"622","16",1,"0","Tues"
"623","19",3,"0","Tues"
"624","21",2,"0","Tues"
"625","22",1,"0","Tues"
"626","11",2,"0","Wed"
"627","12",1,"0","Wed"
"628","13",1,"0","Wed"
"629","14",2,"0","Wed"
"630","17",4,"0","Wed"
"631","18",5,"0","Wed"
"632","19",1,"0","Wed"
"633","20",4,"0","Wed"
"634","11",1,"0","Thurs"
"635","12",1,"0","Thurs"
"636","14",1,"0","Thurs"
"637","17",2,"0","Thurs"
"638","19",1,"0","Thurs"
"639","14",2,"0","Fri"
"640","16",1,"0","Fri"
"641","17",2,"0","Fri"
"642","18",1,"0","Fri"
"643","20",1,"0","Fri"
"644","21",1,"0","Fri"
"645","23",2,"0","Fri"
"646","0",1,"0","Sat"
"647","4",1,"0","Sat"
"648","9",1,"0","Sat"
"649","10",1,"0","Sat"
"650","13",4,"0","Sat"
"651","14",6,"0","Sat"
"652","15",1,"0","Sat"
"653","16",1,"0","Sat"
"654","18",3,"0","Sat"
"655","20",2,"0","Sat"
"656","21",9,"0","Sat"
"657","22",3,"0","Sat"
"658","23",6,"0","Sat"
"659","0",2,"0","Sun"
"660","10",1,"0","Sun"
"661","11",1,"0","Sun"
"662","12",1,"0","Sun"
"663","14",3,"0","Sun"
"664","15",5,"0","Sun"
"665","16",2,"0","Sun"
"666","17",3,"0","Sun"
"667","18",2,"0","Sun"
"668","21",1,"0","Sun"
"669","9",1,"0","Mon"
"670","10",4,"0","Mon"
"671","11",1,"0","Mon"
"672","12",1,"0","Mon"
"673","14",1,"0","Mon"
"674","19",1,"0","Mon"
"675","23",1,"0","Mon"
"676","12",2,"0","Tues"
"677","13",1,"0","Tues"
"678","15",4,"0","Tues"
"679","17",1,"0","Tues"
"680","18",2,"0","Tues"
"681","0",1,"0","Wed"
"682","2",1,"0","Wed"
"683","10",1,"0","Wed"
"684","13",1,"0","Wed"
"685","11",1,"0","Thurs"
"686","12",1,"0","Thurs"
"687","15",2,"0","Thurs"
"688","16",1,"0","Thurs"
"689","19",4,"0","Thurs"
"690","23",2,"0","Thurs"
"691","4",1,"0","Fri"
"692","8",1,"0","Fri"
"693","11",1,"0","Fri"
"694","16",1,"0","Fri"
"695","19",2,"0","Fri"
"696","21",1,"0","Fri"
"697","22",4,"0","Fri"
"698","0",4,"0","Sat"
"699","1",1,"0","Sat"
"700","12",3,"0","Sat"
"701","13",3,"0","Sat"
"702","14",1,"0","Sat"
"703","15",2,"0","Sat"
"704","16",1,"0","Sat"
"705","17",5,"0","Sat"
"706","18",4,"0","Sat"
"707","19",2,"0","Sat"
"708","21",1,"0","Sat"
"709","23",1,"0","Sat"
"710","10",4,"0","Sun"
"711","12",3,"0","Sun"
"712","13",2,"0","Sun"
"713","14",4,"0","Sun"
"714","15",1,"0","Sun"
"715","16",2,"0","Sun"
"716","18",1,"0","Sun"
"717","19",1,"0","Sun"
"718","22",1,"0","Sun"
"719","0",1,"0","Mon"
"720","10",1,"0","Mon"
"721","13",2,"0","Mon"
"722","14",1,"0","Mon"
"723","16",1,"0","Mon"
"724","17",2,"0","Mon"
"725","20",1,"0","Mon"
"726","23",1,"0","Mon"
"727","9",1,"0","Tues"
"728","10",2,"0","Tues"
"729","11",2,"0","Tues"
"730","12",2,"0","Tues"
"731","15",3,"0","Tues"
"732","16",1,"0","Tues"
"733","17",3,"0","Tues"
"734","19",1,"0","Tues"
"735","21",1,"0","Tues"
"736","6",1,"0","Wed"
"737","8",2,"0","Wed"
"738","9",2,"0","Wed"
"739","13",2,"0","Wed"
"740","15",1,"0","Wed"
"741","22",1,"0","Wed"
"742","23",1,"0","Wed"
"743","10",3,"0","Fri"
"744","11",1,"0","Fri"
"745","12",2,"0","Fri"
"746","13",2,"0","Fri"
"747","15",2,"0","Fri"
"748","16",1,"0","Fri"
"749","17",4,"0","Fri"
"750","18",2,"0","Fri"
"751","19",4,"0","Fri"
"752","20",3,"0","Fri"
"753","21",1,"0","Fri"
"754","22",2,"0","Fri"
"755","23",3,"0","Fri"
"756","0",1,"0","Sat"
"757","8",1,"0","Sat"
"758","12",2,"0","Sat"
"759","14",1,"0","Sat"
"760","15",3,"0","Sat"
"761","16",5,"0","Sat"
"762","17",11,"0","Sat"
"763","18",2,"0","Sat"
"764","19",3,"0","Sat"
"765","21",1,"0","Sat"
"766","23",1,"0","Sat"
"767","9",2,"0","Sun"
"768","10",2,"0","Sun"
"769","11",1,"0","Sun"
"770","12",4,"0","Sun"
"771","13",6,"0","Sun"
"772","14",3,"0","Sun"
"773","15",5,"0","Sun"
"774","16",6,"0","Sun"
"775","17",3,"0","Sun"
"776","18",5,"0","Sun"
"777","21",1,"0","Sun"
"778","22",1,"0","Sun"
"779","2",1,"0","Mon"
"780","8",4,"0","Mon"
"781","11",2,"0","Mon"
"782","12",2,"0","Mon"
"783","13",4,"0","Mon"
"784","14",4,"0","Mon"
"785","15",7,"0","Mon"
"786","16",9,"0","Mon"
"787","17",2,"0","Mon"
"788","18",4,"0","Mon"
"789","19",1,"0","Mon"
"790","20",2,"0","Mon"
"791","21",6,"0","Mon"
"792","22",2,"0","Mon"
"793","23",1,"0","Mon"
"794","9",2,"0","Tues"
"795","10",2,"0","Tues"
"796","11",3,"0","Tues"
"797","12",3,"0","Tues"
"798","13",2,"0","Tues"
"799","14",5,"0","Tues"
"800","16",4,"0","Tues"
"801","17",2,"0","Tues"
"802","18",2,"0","Tues"
"803","22",1,"0","Tues"
"804","7",1,"0","Wed"
"805","10",2,"0","Wed"
"806","11",1,"0","Wed"
"807","12",1,"0","Wed"
"808","13",3,"0","Wed"
"809","14",3,"0","Wed"
"810","15",5,"0","Wed"
"811","16",2,"0","Wed"
"812","17",5,"0","Wed"
"813","19",4,"0","Wed"
"814","10",8,"1","Thurs"
"815","11",2,"1","Thurs"
"816","12",3,"1","Thurs"
"817","13",3,"1","Thurs"
"818","14",4,"1","Thurs"
"819","15",4,"1","Thurs"
"820","16",3,"1","Thurs"
"821","17",5,"1","Thurs"
"822","18",7,"1","Thurs"
"823","20",4,"1","Thurs"
"824","21",1,"1","Thurs"
"825","23",1,"1","Thurs"
"826","6",1,"0","Fri"
"827","12",5,"0","Fri"
"828","13",1,"0","Fri"
"829","14",4,"0","Fri"
"830","15",1,"0","Fri"
"831","16",1,"0","Fri"
"832","17",4,"0","Fri"
"833","18",5,"0","Fri"
"834","19",4,"0","Fri"
"835","20",5,"0","Fri"
"836","21",1,"0","Fri"
"837","22",2,"0","Fri"
"838","8",2,"0","Sat"
"839","10",2,"0","Sat"
"840","11",7,"0","Sat"
"841","12",7,"0","Sat"
"842","13",10,"0","Sat"
"843","14",5,"0","Sat"
"844","15",10,"0","Sat"
"845","16",4,"0","Sat"
"846","17",2,"0","Sat"
"847","19",2,"0","Sat"
"848","20",1,"0","Sat"
"849","22",1,"0","Sat"
"850","23",2,"0","Sat"
"851","0",1,"0","Sun"
"852","1",1,"0","Sun"
"853","9",1,"0","Sun"
"854","10",1,"0","Sun"
"855","11",1,"0","Sun"
"856","12",4,"0","Sun"
"857","13",2,"0","Sun"
"858","14",1,"0","Sun"
"859","15",6,"0","Sun"
"860","16",4,"0","Sun"
"861","17",7,"0","Sun"
"862","18",5,"0","Sun"
"863","20",2,"0","Sun"
"864","21",1,"0","Sun"
"865","22",2,"0","Sun"
"866","23",1,"0","Sun"
"867","1",1,"0","Mon"
"868","7",1,"0","Mon"
"869","9",1,"0","Mon"
"870","11",1,"0","Mon"
"871","12",3,"0","Mon"
"872","14",3,"0","Mon"
"873","16",1,"0","Mon"
"874","19",1,"0","Mon"
"875","21",2,"0","Mon"
"876","0",1,"0","Tues"
"877","8",1,"0","Tues"
"878","12",4,"0","Tues"
"879","15",1,"0","Tues"
"880","16",1,"0","Tues"
"881","18",1,"0","Tues"
"882","20",3,"0","Tues"
"883","7",1,"0","Wed"
"884","12",1,"0","Wed"
"885","13",2,"0","Wed"
"886","14",2,"0","Wed"
"887","15",1,"0","Wed"
"888","16",1,"0","Wed"
"889","18",2,"0","Wed"
"890","20",4,"0","Wed"
"891","0",1,"0","Thurs"
"892","13",2,"0","Thurs"
"893","15",3,"0","Thurs"
"894","17",1,"0","Thurs"
"895","19",2,"0","Thurs"
"896","0",1,"0","Fri"
"897","10",1,"0","Fri"
"898","11",1,"0","Fri"
"899","12",2,"0","Fri"
"900","13",1,"0","Fri"
"901","17",3,"0","Fri"
"902","18",2,"0","Fri"
"903","19",3,"0","Fri"
"904","20",4,"0","Fri"
"905","21",3,"0","Fri"
"906","22",2,"0","Fri"
"907","7",3,"0","Sat"
"908","9",2,"0","Sat"
"909","10",2,"0","Sat"
"910","11",1,"0","Sat"
"911","12",2,"0","Sat"
"912","13",7,"0","Sat"
"913","14",13,"0","Sat"
"914","15",8,"0","Sat"
"915","16",3,"0","Sat"
"916","17",2,"0","Sat"
"917","18",2,"0","Sat"
"918","19",1,"0","Sat"
"919","20",1,"0","Sat"
"920","22",5,"0","Sat"
"921","9",1,"0","Sun"
"922","11",5,"0","Sun"
"923","12",13,"0","Sun"
"924","13",4,"0","Sun"
"925","14",13,"0","Sun"
"926","15",4,"0","Sun"
"927","16",3,"0","Sun"
"928","17",6,"0","Sun"
"929","18",4,"0","Sun"
"930","19",4,"0","Sun"
"931","20",3,"0","Sun"
"932","21",3,"0","Sun"
"933","22",1,"0","Sun"
"934","23",1,"0","Sun"
"935","9",1,"0","Mon"
"936","11",1,"0","Mon"
"937","12",2,"0","Mon"
"938","14",1,"0","Mon"
"939","18",2,"0","Mon"
"940","10",1,"0","Tues"
"941","12",2,"0","Tues"
"942","13",1,"0","Tues"
"943","14",1,"0","Tues"
"944","15",1,"0","Tues"
"945","17",2,"0","Tues"
"946","20",1,"0","Tues"
"947","21",3,"0","Tues"
"948","23",1,"0","Tues"
"949","0",1,"0","Wed"
"950","7",2,"0","Wed"
"951","8",1,"0","Wed"
"952","11",1,"0","Wed"
"953","12",1,"0","Wed"
"954","14",1,"0","Wed"
"955","16",1,"0","Wed"
"956","18",1,"0","Wed"
"957","19",1,"0","Wed"
"958","9",1,"0","Thurs"
"959","10",1,"0","Thurs"
"960","13",2,"0","Thurs"
"961","14",1,"0","Thurs"
"962","15",1,"0","Thurs"
"963","20",1,"0","Thurs"
"964","6",1,"0","Fri"
"965","12",1,"0","Fri"
"966","13",1,"0","Fri"
"967","14",1,"0","Fri"
"968","15",1,"0","Fri"
"969","16",2,"0","Fri"
"970","17",3,"0","Fri"
"971","19",5,"0","Fri"
"972","21",1,"0","Fri"
"973","22",2,"0","Fri"
"974","10",1,"0","Sat"
"975","11",2,"0","Sat"
"976","12",11,"0","Sat"
"977","13",16,"0","Sat"
"978","14",18,"0","Sat"
"979","15",8,"0","Sat"
"980","16",2,"0","Sat"
"981","17",4,"0","Sat"
"982","18",8,"0","Sat"
"983","19",2,"0","Sat"
"984","20",2,"0","Sat"
"985","21",3,"0","Sat"
"986","22",2,"0","Sat"
"987","0",1,"0","Sun"
"988","10",2,"0","Sun"
"989","11",6,"0","Sun"
"990","12",4,"0","Sun"
"991","13",2,"0","Sun"
"992","14",3,"0","Sun"
"993","15",10,"0","Sun"
"994","16",16,"0","Sun"
"995","17",9,"0","Sun"
"996","18",3,"0","Sun"
"997","19",9,"0","Sun"
"998","20",3,"0","Sun"
"999","21",1,"0","Sun"
"1000","22",1,"0","Sun"
"1001","23",2,"0","Sun"
"1002","0",2,"1","Mon"
"1003","9",1,"1","Mon"
"1004","10",1,"1","Mon"
"1005","11",4,"1","Mon"
"1006","12",2,"1","Mon"
"1007","13",12,"1","Mon"
"1008","14",12,"1","Mon"
"1009","15",2,"1","Mon"
"1010","16",7,"1","Mon"
"1011","17",5,"1","Mon"
"1012","18",3,"1","Mon"
"1013","19",3,"1","Mon"
"1014","20",2,"1","Mon"
"1015","22",5,"1","Mon"
"1016","23",1,"1","Mon"
"1017","11",2,"0","Tues"
"1018","12",2,"0","Tues"
"1019","14",2,"0","Tues"
"1020","15",4,"0","Tues"
"1021","16",2,"0","Tues"
"1022","18",2,"0","Tues"
"1023","19",2,"0","Tues"
"1024","20",2,"0","Tues"
"1025","21",1,"0","Tues"
"1026","22",1,"0","Tues"
"1027","7",1,"0","Wed"
"1028","9",2,"0","Wed"
"1029","12",1,"0","Wed"
"1030","13",1,"0","Wed"
"1031","16",1,"0","Wed"
"1032","17",1,"0","Wed"
"1033","18",1,"0","Wed"
"1034","20",1,"0","Wed"
"1035","21",1,"0","Wed"
"1036","1",1,"0","Thurs"
"1037","4",1,"0","Thurs"
"1038","9",1,"0","Thurs"
"1039","14",3,"0","Thurs"
"1040","15",4,"0","Thurs"
"1041","16",1,"0","Thurs"
"1042","19",1,"0","Thurs"
"1043","20",2,"0","Thurs"
"1044","21",1,"0","Thurs"
"1045","23",1,"0","Thurs"
"1046","0",4,"0","Fri"
"1047","11",1,"0","Fri"
"1048","12",3,"0","Fri"
"1049","14",1,"0","Fri"
"1050","15",4,"0","Fri"
"1051","16",1,"0","Fri"
"1052","17",5,"0","Fri"
"1053","18",1,"0","Fri"
"1054","19",6,"0","Fri"
"1055","20",2,"0","Fri"
"1056","21",2,"0","Fri"
"1057","23",2,"0","Fri"
"1058","0",2,"0","Sat"
"1059","6",2,"0","Sat"
"1060","8",1,"0","Sat"
"1061","9",5,"0","Sat"
"1062","10",1,"0","Sat"
"1063","12",2,"0","Sat"
"1064","13",4,"0","Sat"
"1065","14",1,"0","Sat"
"1066","15",3,"0","Sat"
"1067","16",8,"0","Sat"
"1068","17",3,"0","Sat"
"1069","18",1,"0","Sat"
"1070","19",7,"0","Sat"
"1071","20",1,"0","Sat"
"1072","21",1,"0","Sat"
"1073","12",2,"0","Sun"
"1074","13",5,"0","Sun"
"1075","14",5,"0","Sun"
"1076","15",2,"0","Sun"
"1077","16",1,"0","Sun"
"1078","17",2,"0","Sun"
"1079","19",4,"0","Sun"
"1080","20",1,"0","Sun"
"1081","22",1,"0","Sun"
"1082","1",1,"0","Mon"
"1083","2",1,"0","Mon"
"1084","11",2,"0","Mon"
"1085","13",3,"0","Mon"
"1086","14",1,"0","Mon"
"1087","15",1,"0","Mon"
"1088","18",1,"0","Mon"
"1089","11",1,"0","Tues"
"1090","14",1,"0","Tues"
"1091","16",1,"0","Tues"
"1092","18",2,"0","Tues"
"1093","20",2,"0","Tues"
"1094","21",2,"0","Tues"
"1095","12",1,"0","Wed"
"1096","13",3,"0","Wed"
"1097","19",1,"0","Wed"
"1098","8",1,"0","Thurs"
"1099","9",1,"0","Thurs"
"1100","10",3,"0","Thurs"
"1101","11",1,"0","Thurs"
"1102","12",1,"0","Thurs"
"1103","15",2,"0","Thurs"
"1104","16",1,"0","Thurs"
"1105","17",1,"0","Thurs"
"1106","19",3,"0","Thurs"
"1107","20",1,"0","Thurs"
"1108","21",7,"0","Thurs"
"1109","22",2,"0","Thurs"
"1110","23",3,"0","Thurs"
"1111","5",3,"0","Fri"
"1112","9",1,"0","Fri"
"1113","12",1,"0","Fri"
"1114","13",1,"0","Fri"
"1115","16",2,"0","Fri"
"1116","17",5,"0","Fri"
"1117","18",2,"0","Fri"
"1118","19",1,"0","Fri"
"1119","20",4,"0","Fri"
"1120","21",3,"0","Fri"
"1121","23",1,"0","Fri"
"1122","10",1,"0","Sat"
"1123","11",1,"0","Sat"
"1124","12",1,"0","Sat"
"1125","13",1,"0","Sat"
"1126","14",8,"0","Sat"
"1127","15",8,"0","Sat"
"1128","16",3,"0","Sat"
"1129","17",7,"0","Sat"
"1130","18",6,"0","Sat"
"1131","19",4,"0","Sat"
"1132","20",2,"0","Sat"
"1133","3",1,"0","Sun"
"1134","8",1,"0","Sun"
"1135","10",1,"0","Sun"
"1136","11",1,"0","Sun"
"1137","13",1,"0","Sun"
"1138","15",4,"0","Sun"
"1139","17",1,"0","Sun"
"1140","18",1,"0","Sun"
"1141","19",2,"0","Sun"
"1142","20",1,"0","Sun"
"1143","21",1,"0","Sun"
"1144","10",2,"0","Mon"
"1145","12",1,"0","Mon"
"1146","13",1,"0","Mon"
"1147","15",2,"0","Mon"
"1148","18",1,"0","Mon"
"1149","20",1,"0","Mon"
"1150","4",1,"0","Tues"
"1151","10",2,"0","Tues"
"1152","12",1,"0","Tues"
"1153","13",1,"0","Tues"
"1154","14",1,"0","Tues"
"1155","15",1,"0","Tues"
"1156","18",2,"0","Tues"
"1157","20",2,"0","Tues"
"1158","9",1,"0","Wed"
"1159","10",4,"0","Wed"
"1160","11",1,"0","Wed"
"1161","12",2,"0","Wed"
"1162","13",1,"0","Wed"
"1163","14",1,"0","Wed"
"1164","15",1,"0","Wed"
"1165","16",3,"0","Wed"
"1166","17",2,"0","Wed"
"1167","18",1,"0","Wed"
"1168","22",2,"0","Wed"
"1169","7",1,"0","Thurs"
"1170","10",1,"0","Thurs"
"1171","12",1,"0","Thurs"
"1172","13",1,"0","Thurs"
"1173","14",1,"0","Thurs"
"1174","15",1,"0","Thurs"
"1175","16",1,"0","Thurs"
"1176","17",6,"0","Thurs"
"1177","18",1,"0","Thurs"
"1178","21",1,"0","Thurs"
"1179","11",1,"0","Fri"
"1180","13",1,"0","Fri"
"1181","14",5,"0","Fri"
"1182","15",3,"0","Fri"
"1183","16",2,"0","Fri"
"1184","17",4,"0","Fri"
"1185","18",4,"0","Fri"
"1186","19",2,"0","Fri"
"1187","20",2,"0","Fri"
"1188","21",2,"0","Fri"
"1189","22",1,"0","Fri"
"1190","23",2,"0","Fri"
"1191","0",1,"0","Sat"
"1192","1",1,"0","Sat"
"1193","10",1,"0","Sat"
"1194","11",4,"0","Sat"
"1195","12",2,"0","Sat"
"1196","13",4,"0","Sat"
"1197","14",7,"0","Sat"
"1198","15",7,"0","Sat"
"1199","16",3,"0","Sat"
"1200","17",1,"0","Sat"
"1201","18",4,"0","Sat"
"1202","19",2,"0","Sat"
"1203","20",2,"0","Sat"
"1204","22",8,"0","Sat"
"1205","23",4,"0","Sat"
"1206","3",1,"0","Sun"
"1207","8",1,"0","Sun"
"1208","11",1,"0","Sun"
"1209","12",1,"0","Sun"
"1210","13",3,"0","Sun"
"1211","14",3,"0","Sun"
"1212","15",5,"0","Sun"
"1213","16",5,"0","Sun"
"1214","17",4,"0","Sun"
"1215","19",1,"0","Sun"
"1216","20",1,"0","Sun"
"1217","22",1,"0","Sun"
"1218","23",2,"0","Sun"
"1219","10",1,"0","Mon"
"1220","11",1,"0","Mon"
"1221","12",4,"0","Mon"
"1222","13",2,"0","Mon"
"1223","14",1,"0","Mon"
"1224","15",1,"0","Mon"
"1225","16",2,"0","Mon"
"1226","19",1,"0","Mon"
"1227","22",1,"0","Mon"
"1228","23",2,"0","Mon"
"1229","9",3,"0","Tues"
"1230","10",3,"0","Tues"
"1231","12",4,"0","Tues"
"1232","14",4,"0","Tues"
"1233","15",8,"0","Tues"
"1234","16",3,"0","Tues"
"1235","20",1,"0","Tues"
"1236","22",1,"0","Tues"
"1237","23",2,"0","Tues"
"1238","0",2,"0","Wed"
"1239","7",1,"0","Wed"
"1240","9",1,"0","Wed"
"1241","12",1,"0","Wed"
"1242","13",1,"0","Wed"
"1243","19",1,"0","Wed"
"1244","20",8,"0","Wed"
"1245","21",2,"0","Wed"
"1246","9",1,"0","Thurs"
"1247","10",2,"0","Thurs"
"1248","12",1,"0","Thurs"
"1249","14",3,"0","Thurs"
"1250","15",1,"0","Thurs"
"1251","16",1,"0","Thurs"
"1252","19",1,"0","Thurs"
"1253","20",1,"0","Thurs"
"1254","22",1,"0","Thurs"
"1255","11",1,"0","Fri"
"1256","15",8,"0","Fri"
"1257","17",4,"0","Fri"
"1258","18",1,"0","Fri"
"1259","19",4,"0","Fri"
"1260","20",7,"0","Fri"
"1261","23",1,"0","Fri"
"1262","0",1,"0","Sat"
"1263","10",2,"0","Sat"
"1264","11",5,"0","Sat"
"1265","12",7,"0","Sat"
"1266","13",6,"0","Sat"
"1267","14",4,"0","Sat"
"1268","15",7,"0","Sat"
"1269","16",6,"0","Sat"
"1270","17",4,"0","Sat"
"1271","18",1,"0","Sat"
"1272","23",2,"0","Sat"
"1273","0",2,"0","Sun"
"1274","1",1,"0","Sun"
"1275","8",1,"0","Sun"
"1276","9",2,"0","Sun"
"1277","10",1,"0","Sun"
"1278","11",2,"0","Sun"
"1279","12",5,"0","Sun"
"1280","13",11,"0","Sun"
"1281","14",9,"0","Sun"
"1282","15",13,"0","Sun"
"1283","16",12,"0","Sun"
"1284","17",25,"0","Sun"
"1285","18",3,"0","Sun"
"1286","19",4,"0","Sun"
"1287","20",3,"0","Sun"
"1288","21",10,"0","Sun"
"1289","22",7,"0","Sun"
"1290","0",3,"1","Mon"
"1291","1",1,"1","Mon"
"1292","10",1,"1","Mon"
"1293","11",1,"1","Mon"
"1294","12",3,"1","Mon"
"1295","13",3,"1","Mon"
"1296","14",7,"1","Mon"
"1297","15",4,"1","Mon"
"1298","16",6,"1","Mon"
"1299","17",2,"1","Mon"
"1300","18",7,"1","Mon"
"1301","19",2,"1","Mon"
"1302","20",2,"1","Mon"
"1303","21",3,"1","Mon"
"1304","9",1,"0","Tues"
"1305","11",2,"0","Tues"
"1306","12",1,"0","Tues"
"1307","13",2,"0","Tues"
"1308","14",1,"0","Tues"
"1309","16",1,"0","Tues"
"1310","17",3,"0","Tues"
"1311","19",3,"0","Tues"
"1312","21",1,"0","Tues"
"1313","23",2,"0","Tues"
"1314","8",1,"0","Wed"
"1315","16",2,"0","Wed"
"1316","17",4,"0","Wed"
"1317","18",1,"0","Wed"
"1318","22",2,"0","Wed"
"1319","23",1,"0","Wed"
"1320","0",1,"0","Thurs"
"1321","8",1,"0","Thurs"
"1322","14",1,"0","Thurs"
"1323","16",2,"0","Thurs"
"1324","18",3,"0","Thurs"
"1325","19",1,"0","Thurs"
"1326","20",1,"0","Thurs"
"1327","22",2,"0","Thurs"
"1328","6",1,"0","Fri"
"1329","8",3,"0","Fri"
"1330","10",3,"0","Fri"
"1331","11",1,"0","Fri"
"1332","12",1,"0","Fri"
"1333","13",6,"0","Fri"
"1334","14",3,"0","Fri"
"1335","15",5,"0","Fri"
"1336","17",3,"0","Fri"
"1337","18",1,"0","Fri"
"1338","19",4,"0","Fri"
"1339","20",4,"0","Fri"
"1340","21",1,"0","Fri"
"1341","22",2,"0","Fri"
"1342","23",1,"0","Fri"
"1343","9",1,"0","Sat"
"1344","10",2,"0","Sat"
"1345","11",1,"0","Sat"
"1346","12",2,"0","Sat"
"1347","13",3,"0","Sat"
"1348","14",2,"0","Sat"
"1349","15",4,"0","Sat"
"1350","16",2,"0","Sat"
"1351","17",2,"0","Sat"
"1352","18",2,"0","Sat"
"1353","20",2,"0","Sat"
"1354","21",3,"0","Sat"
"1355","23",3,"0","Sat"
"1356","13",2,"0","Sun"
"1357","14",1,"0","Sun"
"1358","15",1,"0","Sun"
"1359","16",3,"0","Sun"
"1360","17",6,"0","Sun"
"1361","18",3,"0","Sun"
"1362","19",1,"0","Sun"
"1363","20",8,"0","Sun"
"1364","21",3,"0","Sun"
"1365","22",5,"0","Sun"
"1366","23",1,"0","Sun"
"1367","8",1,"0","Mon"
"1368","9",1,"0","Mon"
"1369","11",2,"0","Mon"
"1370","12",1,"0","Mon"
"1371","14",2,"0","Mon"
"1372","15",2,"0","Mon"
"1373","16",2,"0","Mon"
"1374","18",2,"0","Mon"
"1375","19",1,"0","Mon"
"1376","22",1,"0","Mon"
"1377","1",2,"0","Tues"
"1378","10",1,"0","Tues"
"1379","13",5,"0","Tues"
"1380","14",2,"0","Tues"
"1381","16",1,"0","Tues"
"1382","18",1,"0","Tues"
"1383","21",2,"0","Tues"
"1384","22",1,"0","Tues"
"1385","0",4,"0","Wed"
"1386","7",1,"0","Wed"
"1387","9",1,"0","Wed"
"1388","11",1,"0","Wed"
"1389","12",1,"0","Wed"
"1390","13",3,"0","Wed"
"1391","14",4,"0","Wed"
"1392","20",2,"0","Wed"
"1393","21",6,"0","Wed"
"1394","2",1,"0","Thurs"
"1395","7",2,"0","Thurs"
"1396","9",1,"0","Thurs"
"1397","10",2,"0","Thurs"
"1398","11",3,"0","Thurs"
"1399","12",2,"0","Thurs"
"1400","13",2,"0","Thurs"
"1401","14",4,"0","Thurs"
"1402","15",3,"0","Thurs"
"1403","16",3,"0","Thurs"
"1404","17",2,"0","Thurs"
"1405","18",1,"0","Thurs"
"1406","9",1,"0","Fri"
"1407","12",1,"0","Fri"
"1408","14",5,"0","Fri"
"1409","15",3,"0","Fri"
"1410","16",5,"0","Fri"
"1411","17",2,"0","Fri"
"1412","18",3,"0","Fri"
"1413","19",3,"0","Fri"
"1414","20",7,"0","Fri"
"1415","21",4,"0","Fri"
"1416","23",2,"0","Fri"
"1417","0",1,"0","Sat"
"1418","2",1,"0","Sat"
"1419","9",4,"0","Sat"
"1420","10",6,"0","Sat"
"1421","11",6,"0","Sat"
"1422","12",9,"0","Sat"
"1423","13",14,"0","Sat"
"1424","14",7,"0","Sat"
"1425","15",11,"0","Sat"
"1426","16",12,"0","Sat"
"1427","17",6,"0","Sat"
"1428","18",9,"0","Sat"
"1429","19",19,"0","Sat"
"1430","20",9,"0","Sat"
"1431","21",7,"0","Sat"
"1432","22",5,"0","Sat"
"1433","23",3,"0","Sat"
"1434","0",1,"0","Sun"
"1435","7",2,"0","Sun"
"1436","8",1,"0","Sun"
"1437","9",1,"0","Sun"
"1438","10",2,"0","Sun"
"1439","11",2,"0","Sun"
"1440","12",3,"0","Sun"
"1441","13",8,"0","Sun"
"1442","14",5,"0","Sun"
"1443","15",4,"0","Sun"
"1444","16",5,"0","Sun"
"1445","17",6,"0","Sun"
"1446","18",3,"0","Sun"
"1447","19",5,"0","Sun"
"1448","20",5,"0","Sun"
"1449","21",5,"0","Sun"
"1450","22",3,"0","Sun"
"1451","23",1,"0","Sun"
"1452","0",1,"0","Mon"
"1453","1",5,"0","Mon"
"1454","6",1,"0","Mon"
"1455","7",2,"0","Mon"
"1456","8",1,"0","Mon"
"1457","9",1,"0","Mon"
"1458","10",2,"0","Mon"
"1459","11",5,"0","Mon"
"1460","12",3,"0","Mon"
"1461","13",4,"0","Mon"
"1462","14",2,"0","Mon"
"1463","15",3,"0","Mon"
"1464","16",2,"0","Mon"
"1465","17",4,"0","Mon"
"1466","18",1,"0","Mon"
"1467","19",3,"0","Mon"
"1468","20",2,"0","Mon"
"1469","21",3,"0","Mon"
"1470","9",1,"0","Tues"
"1471","11",1,"0","Tues"
"1472","12",4,"0","Tues"
"1473","13",5,"0","Tues"
"1474","14",5,"0","Tues"
"1475","15",3,"0","Tues"
"1476","16",1,"0","Tues"
"1477","17",3,"0","Tues"
"1478","18",1,"0","Tues"
"1479","19",3,"0","Tues"
"1480","20",1,"0","Tues"
"1481","21",3,"0","Tues"
"1482","23",2,"0","Tues"
"1483","8",2,"0","Wed"
"1484","10",1,"0","Wed"
"1485","11",1,"0","Wed"
"1486","13",1,"0","Wed"
"1487","14",2,"0","Wed"
"1488","15",2,"0","Wed"
"1489","16",2,"0","Wed"
"1490","17",2,"0","Wed"
"1491","18",2,"0","Wed"
"1492","19",3,"0","Wed"
"1493","20",1,"0","Wed"
"1494","22",2,"0","Wed"
"1495","7",1,"0","Thurs"
"1496","10",1,"0","Thurs"
"1497","11",2,"0","Thurs"
"1498","12",1,"0","Thurs"
"1499","13",3,"0","Thurs"
"1500","15",2,"0","Thurs"
"1501","18",1,"0","Thurs"
"1502","21",1,"0","Thurs"
"1503","1",1,"0","Fri"
"1504","5",1,"0","Fri"
"1505","7",1,"0","Fri"
"1506","10",2,"0","Fri"
"1507","11",2,"0","Fri"
"1508","12",4,"0","Fri"
"1509","13",4,"0","Fri"
"1510","14",4,"0","Fri"
"1511","16",1,"0","Fri"
"1512","17",1,"0","Fri"
"1513","18",8,"0","Fri"
"1514","19",1,"0","Fri"
"1515","20",4,"0","Fri"
"1516","21",2,"0","Fri"
"1517","22",1,"0","Fri"
"1518","9",1,"0","Sat"
"1519","10",2,"0","Sat"
"1520","11",4,"0","Sat"
"1521","12",10,"0","Sat"
"1522","13",1,"0","Sat"
"1523","14",5,"0","Sat"
"1524","15",3,"0","Sat"
"1525","16",15,"0","Sat"
"1526","17",8,"0","Sat"
"1527","18",5,"0","Sat"
"1528","19",5,"0","Sat"
"1529","20",3,"0","Sat"
"1530","21",1,"0","Sat"
"1531","22",2,"0","Sat"
"1532","23",1,"0","Sat"
"1533","0",2,"0","Sun"
"1534","8",1,"0","Sun"
"1535","9",2,"0","Sun"
"1536","10",1,"0","Sun"
"1537","11",6,"0","Sun"
"1538","12",6,"0","Sun"
"1539","13",2,"0","Sun"
"1540","14",1,"0","Sun"
"1541","15",9,"0","Sun"
"1542","16",1,"0","Sun"
"1543","17",9,"0","Sun"
"1544","18",2,"0","Sun"
"1545","19",2,"0","Sun"
"1546","20",3,"0","Sun"
"1547","21",1,"0","Sun"
"1548","23",2,"0","Sun"
"1549","0",1,"0","Mon"
"1550","8",2,"0","Mon"
"1551","10",1,"0","Mon"
"1552","12",1,"0","Mon"
"1553","14",10,"0","Mon"
"1554","16",3,"0","Mon"
"1555","17",5,"0","Mon"
"1556","19",1,"0","Mon"
"1557","20",1,"0","Mon"
"1558","11",1,"0","Tues"
"1559","12",3,"0","Tues"
"1560","13",2,"0","Tues"
"1561","14",4,"0","Tues"
"1562","15",12,"0","Tues"
"1563","17",1,"0","Tues"
"1564","18",1,"0","Tues"
"1565","19",1,"0","Tues"
"1566","22",2,"0","Tues"
"1567","23",1,"0","Tues"
"1568","1",1,"0","Wed"
"1569","8",1,"0","Wed"
"1570","10",1,"0","Wed"
"1571","12",2,"0","Wed"
"1572","13",1,"0","Wed"
"1573","14",1,"0","Wed"
"1574","15",1,"0","Wed"
"1575","16",1,"0","Wed"
"1576","17",1,"0","Wed"
"1577","18",2,"0","Wed"
"1578","21",1,"0","Wed"
"1579","9",1,"0","Thurs"
"1580","10",2,"0","Thurs"
"1581","11",1,"0","Thurs"
"1582","12",2,"0","Thurs"
"1583","13",3,"0","Thurs"
"1584","14",4,"0","Thurs"
"1585","15",4,"0","Thurs"
"1586","16",3,"0","Thurs"
"1587","17",5,"0","Thurs"
"1588","18",2,"0","Thurs"
"1589","19",1,"0","Thurs"
"1590","21",1,"0","Thurs"
"1591","22",1,"0","Thurs"
"1592","6",1,"0","Fri"
"1593","8",1,"0","Fri"
"1594","10",1,"0","Fri"
"1595","12",2,"0","Fri"
"1596","14",1,"0","Fri"
"1597","15",1,"0","Fri"
"1598","16",2,"0","Fri"
"1599","17",1,"0","Fri"
"1600","18",5,"0","Fri"
"1601","19",3,"0","Fri"
"1602","20",6,"0","Fri"
"1603","21",3,"0","Fri"
"1604","22",1,"0","Fri"
"1605","23",1,"0","Fri"
"1606","1",1,"0","Sat"
"1607","9",1,"0","Sat"
"1608","10",1,"0","Sat"
"1609","11",2,"0","Sat"
"1610","12",2,"0","Sat"
"1611","13",1,"0","Sat"
"1612","14",3,"0","Sat"
"1613","15",6,"0","Sat"
"1614","16",13,"0","Sat"
"1615","17",9,"0","Sat"
"1616","18",4,"0","Sat"
"1617","19",8,"0","Sat"
"1618","21",2,"0","Sat"
"1619","22",3,"0","Sat"
"1620","23",1,"0","Sat"
"1621","0",1,"0","Sun"
"1622","1",3,"0","Sun"
"1623","9",11,"0","Sun"
"1624","10",10,"0","Sun"
"1625","11",4,"0","Sun"
"1626","12",7,"0","Sun"
"1627","13",12,"0","Sun"
"1628","14",10,"0","Sun"
"1629","15",7,"0","Sun"
"1630","16",3,"0","Sun"
"1631","17",2,"0","Sun"
"1632","18",4,"0","Sun"
"1633","19",6,"0","Sun"
"1634","20",6,"0","Sun"
"1635","21",4,"0","Sun"
"1636","22",1,"0","Sun"
"1637","23",2,"0","Sun"
"1638","0",2,"0","Mon"
"1639","8",1,"0","Mon"
"1640","11",1,"0","Mon"
"1641","12",3,"0","Mon"
"1642","13",1,"0","Mon"
"1643","14",3,"0","Mon"
"1644","15",5,"0","Mon"
"1645","16",5,"0","Mon"
"1646","17",1,"0","Mon"
"1647","18",3,"0","Mon"
"1648","19",1,"0","Mon"
"1649","20",1,"0","Mon"
"1650","5",1,"0","Tues"
"1651","7",1,"0","Tues"
"1652","10",2,"0","Tues"
"1653","11",1,"0","Tues"
"1654","12",2,"0","Tues"
"1655","13",10,"0","Tues"
"1656","14",5,"0","Tues"
"1657","15",1,"0","Tues"
"1658","16",1,"0","Tues"
"1659","17",4,"0","Tues"
"1660","19",3,"0","Tues"
"1661","20",1,"0","Tues"
"1662","21",1,"0","Tues"
"1663","11",1,"0","Wed"
"1664","12",4,"0","Wed"
"1665","13",6,"0","Wed"
"1666","14",2,"0","Wed"
"1667","15",2,"0","Wed"
"1668","16",1,"0","Wed"
"1669","17",2,"0","Wed"
"1670","18",5,"0","Wed"
"1671","19",2,"0","Wed"
"1672","22",1,"0","Wed"
"1673","0",1,"0","Thurs"
"1674","11",1,"0","Thurs"
"1675","12",5,"0","Thurs"
"1676","13",2,"0","Thurs"
"1677","15",3,"0","Thurs"
"1678","16",2,"0","Thurs"
"1679","17",4,"0","Thurs"
"1680","19",1,"0","Thurs"
"1681","20",1,"0","Thurs"
"1682","21",1,"0","Thurs"
"1683","22",2,"0","Thurs"
"1684","8",2,"0","Fri"
"1685","9",1,"0","Fri"
"1686","11",1,"0","Fri"
"1687","13",2,"0","Fri"
"1688","14",1,"0","Fri"
"1689","16",2,"0","Fri"
"1690","17",2,"0","Fri"
"1691","18",1,"0","Fri"
"1692","19",3,"0","Fri"
"1693","20",4,"0","Fri"
"1694","22",1,"0","Fri"
"1695","1",1,"0","Sat"
"1696","8",1,"0","Sat"
"1697","9",11,"0","Sat"
"1698","10",2,"0","Sat"
"1699","11",5,"0","Sat"
"1700","12",5,"0","Sat"
"1701","13",6,"0","Sat"
"1702","14",4,"0","Sat"
"1703","15",3,"0","Sat"
"1704","16",3,"0","Sat"
"1705","17",9,"0","Sat"
"1706","18",4,"0","Sat"
"1707","19",6,"0","Sat"
"1708","20",2,"0","Sat"
"1709","22",3,"0","Sat"
"1710","23",3,"0","Sat"
"1711","0",1,"0","Sun"
"1712","9",3,"0","Sun"
"1713","10",5,"0","Sun"
"1714","11",7,"0","Sun"
"1715","12",3,"0","Sun"
"1716","13",4,"0","Sun"
"1717","14",9,"0","Sun"
"1718","15",6,"0","Sun"
"1719","16",5,"0","Sun"
"1720","17",2,"0","Sun"
"1721","18",9,"0","Sun"
"1722","20",1,"0","Sun"
"1723","22",5,"0","Sun"
"1724","23",1,"0","Sun"
"1725","0",3,"0","Mon"
"1726","10",1,"0","Mon"
"1727","12",1,"0","Mon"
"1728","13",2,"0","Mon"
"1729","14",1,"0","Mon"
"1730","16",1,"0","Mon"
"1731","17",2,"0","Mon"
"1732","18",1,"0","Mon"
"1733","19",1,"0","Mon"
"1734","23",1,"0","Mon"
"1735","10",2,"0","Tues"
"1736","11",4,"0","Tues"
"1737","12",1,"0","Tues"
"1738","14",3,"0","Tues"
"1739","15",2,"0","Tues"
"1740","19",1,"0","Tues"
"1741","21",3,"0","Tues"
"1742","3",1,"0","Wed"
"1743","7",2,"0","Wed"
"1744","10",1,"0","Wed"
"1745","11",1,"0","Wed"
"1746","12",1,"0","Wed"
"1747","13",1,"0","Wed"
"1748","15",1,"0","Wed"
"1749","18",1,"0","Wed"
"1750","21",1,"0","Wed"
"1751","7",1,"0","Thurs"
"1752","11",1,"0","Thurs"
"1753","12",2,"0","Thurs"
"1754","13",3,"0","Thurs"
"1755","14",3,"0","Thurs"
"1756","15",1,"0","Thurs"
"1757","17",1,"0","Thurs"
"1758","18",2,"0","Thurs"
"1759","21",1,"0","Thurs"
"1760","22",1,"0","Thurs"
"1761","5",1,"0","Fri"
"1762","9",1,"0","Fri"
"1763","11",3,"0","Fri"
"1764","12",1,"0","Fri"
"1765","13",3,"0","Fri"
"1766","14",8,"0","Fri"
"1767","15",2,"0","Fri"
"1768","17",3,"0","Fri"
"1769","18",4,"0","Fri"
"1770","19",2,"0","Fri"
"1771","20",6,"0","Fri"
"1772","21",3,"0","Fri"
"1773","22",2,"0","Fri"
"1774","0",1,"0","Sat"
"1775","8",2,"0","Sat"
"1776","9",1,"0","Sat"
"1777","10",3,"0","Sat"
"1778","11",7,"0","Sat"
"1779","12",9,"0","Sat"
"1780","13",16,"0","Sat"
"1781","14",3,"0","Sat"
"1782","15",3,"0","Sat"
"1783","16",8,"0","Sat"
"1784","17",11,"0","Sat"
"1785","18",9,"0","Sat"
"1786","19",4,"0","Sat"
"1787","20",2,"0","Sat"
"1788","21",3,"0","Sat"
"1789","22",4,"0","Sat"
"1790","23",3,"0","Sat"
"1791","2",1,"0","Sun"
"1792","9",1,"0","Sun"
"1793","11",12,"0","Sun"
"1794","12",8,"0","Sun"
"1795","13",6,"0","Sun"
"1796","14",10,"0","Sun"
"1797","16",3,"0","Sun"
"1798","17",7,"0","Sun"
"1799","18",6,"0","Sun"
"1800","19",2,"0","Sun"
"1801","20",1,"0","Sun"
"1802","22",3,"0","Sun"
"1803","23",2,"0","Sun"
"1804","9",1,"0","Mon"
"1805","11",1,"0","Mon"
"1806","12",3,"0","Mon"
"1807","13",5,"0","Mon"
"1808","14",1,"0","Mon"
"1809","15",1,"0","Mon"
"1810","16",4,"0","Mon"
"1811","17",4,"0","Mon"
"1812","18",1,"0","Mon"
"1813","21",11,"0","Mon"
"1814","22",2,"0","Mon"
"1815","0",1,"0","Tues"
"1816","7",1,"0","Tues"
"1817","9",1,"0","Tues"
"1818","10",2,"0","Tues"
"1819","11",2,"0","Tues"
"1820","12",4,"0","Tues"
"1821","13",2,"0","Tues"
"1822","14",3,"0","Tues"
"1823","15",3,"0","Tues"
"1824","16",5,"0","Tues"
"1825","17",2,"0","Tues"
"1826","18",1,"0","Tues"
"1827","20",1,"0","Tues"
"1828","21",2,"0","Tues"
"1829","22",2,"0","Tues"
"1830","0",1,"0","Wed"
"1831","1",1,"0","Wed"
"1832","9",1,"0","Wed"
"1833","10",2,"0","Wed"
"1834","11",6,"0","Wed"
"1835","12",2,"0","Wed"
"1836","13",5,"0","Wed"
"1837","14",2,"0","Wed"
"1838","15",3,"0","Wed"
"1839","16",3,"0","Wed"
"1840","17",2,"0","Wed"
"1841","18",1,"0","Wed"
"1842","20",2,"0","Wed"
"1843","22",4,"0","Wed"
"1844","0",2,"0","Thurs"
"1845","10",3,"0","Thurs"
"1846","11",6,"0","Thurs"
"1847","12",1,"0","Thurs"
"1848","13",4,"0","Thurs"
"1849","14",6,"0","Thurs"
"1850","15",4,"0","Thurs"
"1851","16",1,"0","Thurs"
"1852","17",2,"0","Thurs"
"1853","18",2,"0","Thurs"
"1854","19",1,"0","Thurs"
"1855","20",4,"0","Thurs"
"1856","21",2,"0","Thurs"
"1857","0",1,"0","Fri"
"1858","9",2,"0","Fri"
"1859","10",2,"0","Fri"
"1860","11",3,"0","Fri"
"1861","12",1,"0","Fri"
"1862","13",2,"0","Fri"
"1863","14",7,"0","Fri"
"1864","15",6,"0","Fri"
"1865","16",7,"0","Fri"
"1866","17",8,"0","Fri"
"1867","18",7,"0","Fri"
"1868","19",6,"0","Fri"
"1869","20",6,"0","Fri"
"1870","21",4,"0","Fri"
"1871","22",2,"0","Fri"
"1872","23",3,"0","Fri"
"1873","5",1,"0","Sat"
"1874","7",1,"0","Sat"
"1875","8",1,"0","Sat"
"1876","9",1,"0","Sat"
"1877","11",5,"0","Sat"
"1878","12",3,"0","Sat"
"1879","13",5,"0","Sat"
"1880","14",6,"0","Sat"
"1881","15",3,"0","Sat"
"1882","16",13,"0","Sat"
"1883","17",5,"0","Sat"
"1884","18",2,"0","Sat"
"1885","19",3,"0","Sat"
"1886","20",2,"0","Sat"
"1887","21",2,"0","Sat"
"1888","22",1,"0","Sat"
"1889","23",1,"0","Sat"
"1890","1",1,"0","Sun"
"1891","2",2,"0","Sun"
"1892","3",1,"0","Sun"
"1893","9",2,"0","Sun"
"1894","11",3,"0","Sun"
"1895","12",5,"0","Sun"
"1896","13",2,"0","Sun"
"1897","14",6,"0","Sun"
"1898","15",6,"0","Sun"
"1899","16",3,"0","Sun"
"1900","17",2,"0","Sun"
"1901","18",3,"0","Sun"
"1902","19",4,"0","Sun"
"1903","21",1,"0","Sun"
"1904","22",2,"0","Sun"
"1905","0",3,"0","Mon"
"1906","1",1,"0","Mon"
"1907","7",1,"0","Mon"
"1908","10",1,"0","Mon"
"1909","11",3,"0","Mon"
"1910","12",3,"0","Mon"
"1911","13",2,"0","Mon"
"1912","14",2,"0","Mon"
"1913","15",4,"0","Mon"
"1914","16",4,"0","Mon"
"1915","18",1,"0","Mon"
"1916","19",1,"0","Mon"
"1917","20",1,"0","Mon"
"1918","21",1,"0","Mon"
"1919","22",1,"0","Mon"
"1920","3",1,"0","Tues"
"1921","9",1,"0","Tues"
"1922","10",1,"0","Tues"
"1923","13",5,"0","Tues"
"1924","14",5,"0","Tues"
"1925","15",7,"0","Tues"
"1926","16",3,"0","Tues"
"1927","17",5,"0","Tues"
"1928","18",6,"0","Tues"
"1929","19",3,"0","Tues"
"1930","20",2,"0","Tues"
"1931","21",2,"0","Tues"
"1932","22",1,"0","Tues"
"1933","23",2,"0","Tues"
"1934","0",4,"0","Wed"
"1935","8",1,"0","Wed"
"1936","11",3,"0","Wed"
"1937","12",5,"0","Wed"
"1938","13",2,"0","Wed"
"1939","15",3,"0","Wed"
"1940","16",2,"0","Wed"
"1941","17",2,"0","Wed"
"1942","18",7,"0","Wed"
"1943","19",1,"0","Wed"
"1944","20",1,"0","Wed"
"1945","21",2,"0","Wed"
"1946","23",1,"0","Wed"
"1947","8",1,"0","Thurs"
"1948","11",1,"0","Thurs"
"1949","12",2,"0","Thurs"
"1950","13",5,"0","Thurs"
"1951","14",3,"0","Thurs"
"1952","15",10,"0","Thurs"
"1953","16",4,"0","Thurs"
"1954","17",6,"0","Thurs"
"1955","18",6,"0","Thurs"
"1956","19",7,"0","Thurs"
"1957","21",2,"0","Thurs"
"1958","23",1,"0","Thurs"
"1959","11",2,"0","Fri"
"1960","12",4,"0","Fri"
"1961","13",4,"0","Fri"
"1962","14",4,"0","Fri"
"1963","15",3,"0","Fri"
"1964","16",7,"0","Fri"
"1965","17",6,"0","Fri"
"1966","18",4,"0","Fri"
"1967","19",14,"0","Fri"
"1968","20",5,"0","Fri"
"1969","21",5,"0","Fri"
"1970","22",6,"0","Fri"
"1971","23",11,"0","Fri"
"1972","0",1,"0","Sat"
"1973","1",1,"0","Sat"
"1974","2",1,"0","Sat"
"1975","9",1,"0","Sat"
"1976","10",9,"0","Sat"
"1977","11",6,"0","Sat"
"1978","12",3,"0","Sat"
"1979","13",6,"0","Sat"
"1980","14",9,"0","Sat"
"1981","15",2,"0","Sat"
"1982","16",7,"0","Sat"
"1983","17",6,"0","Sat"
"1984","18",4,"0","Sat"
"1985","19",1,"0","Sat"
"1986","20",5,"0","Sat"
"1987","21",3,"0","Sat"
"1988","23",4,"0","Sat"
"1989","0",1,"0","Sun"
"1990","1",1,"0","Sun"
"1991","9",1,"0","Sun"
"1992","10",1,"0","Sun"
"1993","12",7,"0","Sun"
"1994","13",3,"0","Sun"
"1995","14",4,"0","Sun"
"1996","15",4,"0","Sun"
"1997","16",5,"0","Sun"
"1998","17",4,"0","Sun"
"1999","19",2,"0","Sun"
"2000","20",4,"0","Sun"
"2001","21",3,"0","Sun"
"2002","0",1,"0","Mon"
"2003","6",1,"0","Mon"
"2004","7",1,"0","Mon"
"2005","10",2,"0","Mon"
"2006","13",2,"0","Mon"
"2007","14",2,"0","Mon"
"2008","15",2,"0","Mon"
"2009","16",2,"0","Mon"
"2010","18",2,"0","Mon"
"2011","19",2,"0","Mon"
"2012","20",2,"0","Mon"
"2013","21",1,"0","Mon"
"2014","0",2,"0","Tues"
"2015","10",1,"0","Tues"
"2016","12",2,"0","Tues"
"2017","13",2,"0","Tues"
"2018","14",2,"0","Tues"
"2019","15",1,"0","Tues"
"2020","17",1,"0","Tues"
"2021","18",1,"0","Tues"
"2022","19",1,"0","Tues"
"2023","20",2,"0","Tues"
"2024","22",3,"0","Tues"
"2025","23",1,"0","Tues"
"2026","0",1,"0","Wed"
"2027","7",2,"0","Wed"
"2028","8",4,"0","Wed"
"2029","10",1,"0","Wed"
"2030","11",2,"0","Wed"
"2031","12",2,"0","Wed"
"2032","13",1,"0","Wed"
"2033","14",4,"0","Wed"
"2034","16",1,"0","Wed"
"2035","18",2,"0","Wed"
"2036","19",1,"0","Wed"
"2037","21",3,"0","Wed"
"2038","22",1,"0","Wed"
"2039","23",1,"0","Wed"
"2040","12",2,"0","Thurs"
"2041","14",3,"0","Thurs"
"2042","15",2,"0","Thurs"
"2043","16",2,"0","Thurs"
"2044","17",2,"0","Thurs"
"2045","18",1,"0","Thurs"
"2046","19",1,"0","Thurs"
"2047","20",1,"0","Thurs"
"2048","21",1,"0","Thurs"
"2049","12",3,"0","Fri"
"2050","13",3,"0","Fri"
"2051","14",3,"0","Fri"
"2052","15",4,"0","Fri"
"2053","16",3,"0","Fri"
"2054","17",3,"0","Fri"
"2055","18",3,"0","Fri"
"2056","19",3,"0","Fri"
"2057","21",1,"0","Fri"
"2058","22",4,"0","Fri"
"2059","23",3,"0","Fri"
"2060","0",1,"0","Sat"
"2061","10",4,"0","Sat"
"2062","11",1,"0","Sat"
"2063","12",1,"0","Sat"
"2064","13",2,"0","Sat"
"2065","14",2,"0","Sat"
"2066","15",2,"0","Sat"
"2067","16",4,"0","Sat"
"2068","17",5,"0","Sat"
"2069","18",6,"0","Sat"
"2070","19",1,"0","Sat"
"2071","20",1,"0","Sat"
"2072","0",1,"0","Sun"
"2073","3",1,"0","Sun"
"2074","6",1,"0","Sun"
"2075","10",2,"0","Sun"
"2076","11",4,"0","Sun"
"2077","13",2,"0","Sun"
"2078","14",5,"0","Sun"
"2079","15",3,"0","Sun"
"2080","16",14,"0","Sun"
"2081","18",2,"0","Sun"
"2082","19",6,"0","Sun"
"2083","22",2,"0","Sun"
"2084","10",1,"0","Mon"
"2085","11",1,"0","Mon"
"2086","12",5,"0","Mon"
"2087","13",2,"0","Mon"
"2088","14",2,"0","Mon"
"2089","15",4,"0","Mon"
"2090","16",4,"0","Mon"
"2091","17",7,"0","Mon"
"2092","20",2,"0","Mon"
"2093","22",1,"0","Mon"
"2094","23",1,"0","Mon"
"2095","10",6,"0","Tues"
"2096","11",2,"0","Tues"
"2097","13",6,"0","Tues"
"2098","16",2,"0","Tues"
"2099","17",1,"0","Tues"
"2100","18",1,"0","Tues"
"2101","22",1,"0","Tues"
"2102","23",2,"0","Tues"
"2103","8",2,"0","Wed"
"2104","11",1,"0","Wed"
"2105","14",2,"0","Wed"
"2106","15",2,"0","Wed"
"2107","17",1,"0","Wed"
"2108","20",3,"0","Wed"
"2109","21",1,"0","Wed"
"2110","1",4,"0","Thurs"
"2111","10",1,"0","Thurs"
"2112","11",2,"0","Thurs"
"2113","13",2,"0","Thurs"
"2114","14",2,"0","Thurs"
"2115","16",3,"0","Thurs"
"2116","17",1,"0","Thurs"
"2117","18",2,"0","Thurs"
"2118","19",1,"0","Thurs"
"2119","22",1,"0","Thurs"
"2120","9",1,"0","Fri"
"2121","10",2,"0","Fri"
"2122","12",3,"0","Fri"
"2123","13",4,"0","Fri"
"2124","14",4,"0","Fri"
"2125","15",2,"0","Fri"
"2126","16",2,"0","Fri"
"2127","17",1,"0","Fri"
"2128","19",1,"0","Fri"
"2129","20",1,"0","Fri"
"2130","21",2,"0","Fri"
"2131","0",1,"0","Sat"
"2132","8",1,"0","Sat"
"2133","11",1,"0","Sat"
"2134","12",7,"0","Sat"
"2135","13",4,"0","Sat"
"2136","14",8,"0","Sat"
"2137","15",2,"0","Sat"
"2138","16",3,"0","Sat"
"2139","17",4,"0","Sat"
"2140","18",4,"0","Sat"
"2141","19",2,"0","Sat"
"2142","20",2,"0","Sat"
"2143","21",2,"0","Sat"
"2144","22",2,"0","Sat"
"2145","1",1,"0","Sun"
"2146","9",1,"0","Sun"
"2147","11",1,"0","Sun"
"2148","12",2,"0","Sun"
"2149","13",5,"0","Sun"
"2150","14",6,"0","Sun"
"2151","16",1,"0","Sun"
"2152","17",7,"0","Sun"
"2153","18",3,"0","Sun"
"2154","19",7,"0","Sun"
"2155","20",3,"0","Sun"
"2156","21",1,"0","Sun"
"2157","0",1,"0","Mon"
"2158","8",1,"0","Mon"
"2159","9",1,"0","Mon"
"2160","12",1,"0","Mon"
"2161","13",1,"0","Mon"
"2162","14",3,"0","Mon"
"2163","15",10,"0","Mon"
"2164","19",1,"0","Mon"
"2165","21",1,"0","Mon"
"2166","23",1,"0","Mon"
"2167","5",1,"0","Tues"
"2168","9",3,"0","Tues"
"2169","10",1,"0","Tues"
"2170","12",1,"0","Tues"
"2171","14",2,"0","Tues"
"2172","15",1,"0","Tues"
"2173","16",1,"0","Tues"
"2174","18",5,"0","Tues"
"2175","19",2,"0","Tues"
"2176","21",2,"0","Tues"
"2177","9",1,"0","Wed"
"2178","13",1,"0","Wed"
"2179","15",1,"0","Wed"
"2180","16",1,"0","Wed"
"2181","17",2,"0","Wed"
"2182","20",1,"0","Wed"
"2183","21",2,"0","Wed"
"2184","4",1,"0","Thurs"
"2185","10",1,"0","Thurs"
"2186","11",1,"0","Thurs"
"2187","13",2,"0","Thurs"
"2188","16",2,"0","Thurs"
"2189","18",1,"0","Thurs"
"2190","20",1,"0","Thurs"
"2191","23",1,"0","Thurs"
"2192","13",2,"0","Fri"
"2193","14",1,"0","Fri"
"2194","15",1,"0","Fri"
"2195","16",1,"0","Fri"
"2196","17",1,"0","Fri"
"2197","19",1,"0","Fri"
"2198","20",1,"0","Fri"
"2199","11",1,"0","Sat"
"2200","12",1,"0","Sat"
"2201","14",3,"0","Sat"
"2202","15",1,"0","Sat"
"2203","17",2,"0","Sat"
"2204","19",1,"0","Sat"
"2205","20",2,"0","Sat"
"2206","22",3,"0","Sat"
"2207","7",1,"0","Sun"
"2208","9",1,"0","Sun"
"2209","11",5,"0","Sun"
"2210","12",1,"0","Sun"
"2211","13",5,"0","Sun"
"2212","14",1,"0","Sun"
"2213","15",1,"0","Sun"
"2214","16",1,"0","Sun"
"2215","17",1,"0","Sun"
"2216","18",1,"0","Sun"
"2217","19",2,"0","Sun"
"2218","20",1,"0","Sun"
"2219","7",1,"0","Mon"
"2220","8",2,"0","Mon"
"2221","10",1,"0","Mon"
"2222","11",1,"0","Mon"
"2223","12",1,"0","Mon"
"2224","13",2,"0","Mon"
"2225","14",1,"0","Mon"
"2226","15",1,"0","Mon"
"2227","16",2,"0","Mon"
"2228","8",1,"0","Tues"
"2229","10",2,"0","Tues"
"2230","17",1,"0","Tues"
"2231","18",1,"0","Tues"
"2232","19",1,"0","Tues"
"2233","12",5,"0","Wed"
"2234","13",3,"0","Wed"
"2235","18",1,"0","Wed"
"2236","20",2,"0","Wed"
"2237","11",1,"0","Thurs"
"2238","12",4,"0","Thurs"
"2239","13",2,"0","Thurs"
"2240","14",2,"0","Thurs"
"2241","15",1,"0","Thurs"
"2242","17",1,"0","Thurs"
"2243","18",1,"0","Thurs"
"2244","19",1,"0","Thurs"
"2245","21",2,"0","Thurs"
"2246","22",2,"0","Thurs"
"2247","10",1,"0","Fri"
"2248","12",1,"0","Fri"
"2249","14",1,"0","Fri"
"2250","15",1,"0","Fri"
"2251","16",1,"0","Fri"
"2252","17",3,"0","Fri"
"2253","19",1,"0","Fri"
"2254","20",2,"0","Fri"
"2255","21",1,"0","Fri"
"2256","23",2,"0","Fri"
"2257","7",1,"0","Sat"
"2258","10",1,"0","Sat"
"2259","11",1,"0","Sat"
"2260","12",5,"0","Sat"
"2261","13",3,"0","Sat"
"2262","14",1,"0","Sat"
"2263","15",1,"0","Sat"
"2264","16",1,"0","Sat"
"2265","17",1,"0","Sat"
"2266","18",1,"0","Sat"
"2267","19",1,"0","Sat"
"2268","20",1,"0","Sat"
"2269","21",1,"0","Sat"
"2270","9",2,"0","Sun"
"2271","10",2,"0","Sun"
"2272","11",12,"0","Sun"
"2273","13",1,"0","Sun"
"2274","14",1,"0","Sun"
"2275","15",3,"0","Sun"
"2276","16",2,"0","Sun"
"2277","17",8,"0","Sun"
"2278","19",1,"0","Sun"
"2279","20",2,"0","Sun"
"2280","21",1,"0","Sun"
"2281","22",2,"0","Sun"
"2282","23",1,"0","Sun"
"2283","0",1,"0","Mon"
"2284","8",1,"0","Mon"
"2285","9",1,"0","Mon"
"2286","10",1,"0","Mon"
"2287","11",1,"0","Mon"
"2288","12",1,"0","Mon"
"2289","13",1,"0","Mon"
"2290","14",3,"0","Mon"
"2291","16",3,"0","Mon"
"2292","6",1,"0","Tues"
"2293","7",2,"0","Tues"
"2294","9",4,"0","Tues"
"2295","10",3,"0","Tues"
"2296","11",3,"0","Tues"
"2297","12",1,"0","Tues"
"2298","13",2,"0","Tues"
"2299","14",2,"0","Tues"
"2300","18",1,"0","Tues"
"2301","19",2,"0","Tues"
"2302","20",1,"0","Tues"
"2303","23",2,"0","Tues"
"2304","2",3,"0","Wed"
"2305","11",3,"0","Wed"
"2306","12",8,"0","Wed"
"2307","13",1,"0","Wed"
"2308","15",2,"0","Wed"
"2309","16",3,"0","Wed"
"2310","20",1,"0","Wed"
"2311","12",2,"0","Thurs"
"2312","14",2,"0","Thurs"
"2313","15",2,"0","Thurs"
"2314","16",1,"0","Thurs"
"2315","17",3,"0","Thurs"
"2316","19",1,"0","Thurs"
"2317","21",1,"0","Thurs"
"2318","22",9,"0","Thurs"
"2319","11",1,"0","Fri"
"2320","13",2,"0","Fri"
"2321","14",4,"0","Fri"
"2322","15",1,"0","Fri"
"2323","16",1,"0","Fri"
"2324","17",2,"0","Fri"
"2325","18",2,"0","Fri"
"2326","19",1,"0","Fri"
"2327","20",2,"0","Fri"
"2328","21",2,"0","Fri"
"2329","1",1,"0","Sat"
"2330","11",2,"0","Sat"
"2331","12",8,"0","Sat"
"2332","13",4,"0","Sat"
"2333","14",12,"0","Sat"
"2334","15",5,"0","Sat"
"2335","16",3,"0","Sat"
"2336","17",2,"0","Sat"
"2337","18",7,"0","Sat"
"2338","19",11,"0","Sat"
"2339","20",3,"0","Sat"
"2340","21",2,"0","Sat"
"2341","22",1,"0","Sat"
"2342","6",2,"0","Sun"
"2343","8",1,"0","Sun"
"2344","11",3,"0","Sun"
"2345","12",1,"0","Sun"
"2346","13",3,"0","Sun"
"2347","14",3,"0","Sun"
"2348","15",2,"0","Sun"
"2349","16",2,"0","Sun"
"2350","17",7,"0","Sun"
"2351","18",1,"0","Sun"
"2352","19",2,"0","Sun"
"2353","20",9,"0","Sun"
"2354","6",1,"0","Mon"
"2355","7",2,"0","Mon"
"2356","11",3,"0","Mon"
"2357","12",1,"0","Mon"
"2358","13",3,"0","Mon"
"2359","15",4,"0","Mon"
"2360","16",2,"0","Mon"
"2361","18",1,"0","Mon"
"2362","20",1,"0","Mon"
"2363","22",1,"0","Mon"
"2364","0",2,"0","Tues"
"2365","6",1,"0","Tues"
"2366","10",1,"0","Tues"
"2367","12",3,"0","Tues"
"2368","13",2,"0","Tues"
"2369","14",1,"0","Tues"
"2370","15",3,"0","Tues"
"2371","16",1,"0","Tues"
"2372","17",2,"0","Tues"
"2373","19",2,"0","Tues"
"2374","20",3,"0","Tues"
"2375","21",3,"0","Tues"
"2376","22",5,"0","Tues"
"2377","23",1,"0","Tues"
"2378","8",1,"0","Wed"
"2379","10",4,"0","Wed"
"2380","12",2,"0","Wed"
"2381","13",3,"0","Wed"
"2382","17",1,"0","Wed"
"2383","18",3,"0","Wed"
"2384","19",1,"0","Wed"
"2385","20",1,"0","Wed"
"2386","21",1,"0","Wed"
"2387","0",1,"0","Thurs"
"2388","11",3,"0","Thurs"
"2389","12",7,"0","Thurs"
"2390","13",8,"0","Thurs"
"2391","14",3,"0","Thurs"
"2392","15",4,"0","Thurs"
"2393","16",1,"0","Thurs"
"2394","17",7,"0","Thurs"
"2395","18",1,"0","Thurs"
"2396","19",1,"0","Thurs"
"2397","21",3,"0","Thurs"
"2398","22",2,"0","Thurs"
"2399","23",1,"0","Thurs"
"2400","6",1,"0","Fri"
"2401","9",1,"0","Fri"
"2402","10",1,"0","Fri"
"2403","11",4,"0","Fri"
"2404","12",5,"0","Fri"
"2405","13",1,"0","Fri"
"2406","14",2,"0","Fri"
"2407","15",2,"0","Fri"
"2408","16",4,"0","Fri"
"2409","18",8,"0","Fri"
"2410","19",1,"0","Fri"
"2411","20",7,"0","Fri"
"2412","21",1,"0","Fri"
"2413","22",3,"0","Fri"
"2414","23",1,"0","Fri"
"2415","0",4,"0","Sat"
"2416","1",1,"0","Sat"
"2417","7",3,"0","Sat"
"2418","8",2,"0","Sat"
"2419","9",3,"0","Sat"
"2420","10",2,"0","Sat"
"2421","11",3,"0","Sat"
"2422","12",5,"0","Sat"
"2423","13",2,"0","Sat"
"2424","14",3,"0","Sat"
"2425","15",4,"0","Sat"
"2426","16",7,"0","Sat"
"2427","17",3,"0","Sat"
"2428","18",5,"0","Sat"
"2429","19",4,"0","Sat"
"2430","20",8,"0","Sat"
"2431","21",5,"0","Sat"
"2432","22",4,"0","Sat"
"2433","23",4,"0","Sat"
"2434","0",1,"0","Sun"
"2435","11",2,"0","Sun"
"2436","12",3,"0","Sun"
"2437","13",3,"0","Sun"
"2438","14",2,"0","Sun"
"2439","15",2,"0","Sun"
"2440","16",4,"0","Sun"
"2441","17",6,"0","Sun"
"2442","19",3,"0","Sun"
"2443","20",2,"0","Sun"
"2444","21",3,"0","Sun"
"2445","0",1,"1","Mon"
"2446","1",1,"1","Mon"
"2447","9",2,"1","Mon"
"2448","10",4,"1","Mon"
"2449","11",7,"1","Mon"
"2450","12",3,"1","Mon"
"2451","13",4,"1","Mon"
"2452","14",3,"1","Mon"
"2453","16",1,"1","Mon"
"2454","17",1,"1","Mon"
"2455","19",2,"1","Mon"
"2456","20",2,"1","Mon"
"2457","21",1,"1","Mon"
"2458","9",1,"0","Tues"
"2459","14",2,"0","Tues"
"2460","15",5,"0","Tues"
"2461","16",1,"0","Tues"
"2462","17",4,"0","Tues"
"2463","0",1,"0","Wed"
"2464","11",1,"0","Wed"
"2465","14",4,"0","Wed"
"2466","17",1,"0","Wed"
"2467","19",3,"0","Wed"
"2468","20",3,"0","Wed"
"2469","21",2,"0","Wed"
"2470","22",6,"0","Wed"
"2471","23",2,"0","Wed"
"2472","7",1,"0","Thurs"
"2473","12",2,"0","Thurs"
"2474","13",1,"0","Thurs"
"2475","14",2,"0","Thurs"
"2476","15",2,"0","Thurs"
"2477","16",2,"0","Thurs"
"2478","17",1,"0","Thurs"
"2479","18",1,"0","Thurs"
"2480","19",1,"0","Thurs"
"2481","20",3,"0","Thurs"
"2482","1",1,"0","Fri"
"2483","5",2,"0","Fri"
"2484","8",1,"0","Fri"
"2485","9",7,"0","Fri"
"2486","10",1,"0","Fri"
"2487","11",1,"0","Fri"
"2488","12",2,"0","Fri"
"2489","13",1,"0","Fri"
"2490","14",2,"0","Fri"
"2491","16",1,"0","Fri"
"2492","17",2,"0","Fri"
"2493","18",5,"0","Fri"
"2494","20",3,"0","Fri"
"2495","21",1,"0","Fri"
"2496","22",1,"0","Fri"
"2497","23",2,"0","Fri"
"2498","9",2,"0","Sat"
"2499","10",1,"0","Sat"
"2500","11",7,"0","Sat"
"2501","12",1,"0","Sat"
"2502","13",10,"0","Sat"
"2503","14",2,"0","Sat"
"2504","15",8,"0","Sat"
"2505","16",1,"0","Sat"
"2506","17",5,"0","Sat"
"2507","18",3,"0","Sat"
"2508","19",4,"0","Sat"
"2509","20",2,"0","Sat"
"2510","22",1,"0","Sat"
"2511","23",2,"0","Sat"
"2512","0",2,"0","Sun"
"2513","2",1,"0","Sun"
"2514","3",1,"0","Sun"
"2515","9",3,"0","Sun"
"2516","10",4,"0","Sun"
"2517","11",2,"0","Sun"
"2518","12",2,"0","Sun"
"2519","13",3,"0","Sun"
"2520","14",6,"0","Sun"
"2521","15",4,"0","Sun"
"2522","16",1,"0","Sun"
"2523","17",1,"0","Sun"
"2524","18",4,"0","Sun"
"2525","19",5,"0","Sun"
"2526","20",2,"0","Sun"
"2527","21",2,"0","Sun"
"2528","22",3,"0","Sun"
"2529","23",1,"0","Sun"
"2530","1",1,"0","Mon"
"2531","9",1,"0","Mon"
"2532","10",1,"0","Mon"
"2533","12",7,"0","Mon"
"2534","13",3,"0","Mon"
"2535","14",2,"0","Mon"
"2536","15",1,"0","Mon"
"2537","16",2,"0","Mon"
"2538","17",1,"0","Mon"
"2539","18",1,"0","Mon"
"2540","19",1,"0","Mon"
"2541","20",1,"0","Mon"
"2542","21",1,"0","Mon"
"2543","22",2,"0","Mon"
"2544","0",1,"0","Tues"
"2545","8",2,"0","Tues"
"2546","10",1,"0","Tues"
"2547","11",1,"0","Tues"
"2548","12",1,"0","Tues"
"2549","15",1,"0","Tues"
"2550","16",3,"0","Tues"
"2551","17",2,"0","Tues"
"2552","18",3,"0","Tues"
"2553","19",3,"0","Tues"
"2554","21",1,"0","Tues"
"2555","22",2,"0","Tues"
"2556","12",3,"0","Wed"
"2557","13",1,"0","Wed"
"2558","14",2,"0","Wed"
"2559","15",1,"0","Wed"
"2560","16",3,"0","Wed"
"2561","22",1,"0","Wed"
"2562","10",1,"0","Thurs"
"2563","12",1,"0","Thurs"
"2564","13",1,"0","Thurs"
"2565","17",1,"0","Thurs"
"2566","18",1,"0","Thurs"
"2567","19",1,"0","Thurs"
"2568","20",2,"0","Thurs"
"2569","22",1,"0","Thurs"
"2570","7",2,"0","Fri"
"2571","8",1,"0","Fri"
"2572","12",2,"0","Fri"
"2573","13",4,"0","Fri"
"2574","14",2,"0","Fri"
"2575","15",3,"0","Fri"
"2576","16",5,"0","Fri"
"2577","17",3,"0","Fri"
"2578","18",5,"0","Fri"
"2579","20",1,"0","Fri"
"2580","21",3,"0","Fri"
"2581","22",5,"0","Fri"
"2582","23",1,"0","Fri"
"2583","0",2,"0","Sat"
"2584","5",8,"0","Sat"
"2585","8",1,"0","Sat"
"2586","9",2,"0","Sat"
"2587","10",1,"0","Sat"
"2588","11",2,"0","Sat"
"2589","12",4,"0","Sat"
"2590","13",6,"0","Sat"
"2591","14",5,"0","Sat"
"2592","15",3,"0","Sat"
"2593","16",4,"0","Sat"
"2594","17",3,"0","Sat"
"2595","18",3,"0","Sat"
"2596","19",4,"0","Sat"
"2597","20",2,"0","Sat"
"2598","21",3,"0","Sat"
"2599","22",5,"0","Sat"
"2600","0",1,"0","Sun"
"2601","8",2,"0","Sun"
"2602","9",2,"0","Sun"
"2603","12",2,"0","Sun"
"2604","13",3,"0","Sun"
"2605","14",4,"0","Sun"
"2606","15",12,"0","Sun"
"2607","16",5,"0","Sun"
"2608","17",3,"0","Sun"
"2609","19",1,"0","Sun"
"2610","21",2,"0","Sun"
"2611","23",1,"0","Sun"
"2612","8",1,"0","Mon"
"2613","11",1,"0","Mon"
"2614","12",5,"0","Mon"
"2615","13",4,"0","Mon"
"2616","14",7,"0","Mon"
"2617","15",10,"0","Mon"
"2618","16",1,"0","Mon"
"2619","20",1,"0","Mon"
"2620","21",2,"0","Mon"
"2621","6",1,"0","Tues"
"2622","9",2,"0","Tues"
"2623","12",1,"0","Tues"
"2624","13",2,"0","Tues"
"2625","14",1,"0","Tues"
"2626","15",5,"0","Tues"
"2627","16",4,"0","Tues"
"2628","17",1,"0","Tues"
"2629","21",2,"0","Tues"
"2630","23",1,"0","Tues"
"2631","0",1,"0","Wed"
"2632","6",1,"0","Wed"
"2633","7",1,"0","Wed"
"2634","8",1,"0","Wed"
"2635","10",1,"0","Wed"
"2636","12",2,"0","Wed"
"2637","13",1,"0","Wed"
"2638","14",1,"0","Wed"
"2639","15",2,"0","Wed"
"2640","16",4,"0","Wed"
"2641","17",2,"0","Wed"
"2642","18",2,"0","Wed"
"2643","19",1,"0","Wed"
"2644","20",1,"0","Wed"
"2645","23",1,"0","Wed"
"2646","0",1,"0","Thurs"
"2647","6",1,"0","Thurs"
"2648","8",1,"0","Thurs"
"2649","10",2,"0","Thurs"
"2650","11",1,"0","Thurs"
"2651","13",2,"0","Thurs"
"2652","14",2,"0","Thurs"
"2653","15",1,"0","Thurs"
"2654","16",2,"0","Thurs"
"2655","17",2,"0","Thurs"
"2656","18",1,"0","Thurs"
"2657","19",3,"0","Thurs"
"2658","21",4,"0","Thurs"
"2659","10",3,"0","Fri"
"2660","11",2,"0","Fri"
"2661","12",1,"0","Fri"
"2662","13",2,"0","Fri"
"2663","14",6,"0","Fri"
"2664","15",2,"0","Fri"
"2665","16",2,"0","Fri"
"2666","17",4,"0","Fri"
"2667","18",2,"0","Fri"
"2668","19",5,"0","Fri"
"2669","20",1,"0","Fri"
"2670","22",2,"0","Fri"
"2671","0",1,"0","Sat"
"2672","1",1,"0","Sat"
"2673","6",1,"0","Sat"
"2674","9",2,"0","Sat"
"2675","10",4,"0","Sat"
"2676","11",10,"0","Sat"
"2677","12",6,"0","Sat"
"2678","13",5,"0","Sat"
"2679","14",8,"0","Sat"
"2680","15",5,"0","Sat"
"2681","16",5,"0","Sat"
"2682","17",7,"0","Sat"
"2683","18",5,"0","Sat"
"2684","19",2,"0","Sat"
"2685","20",1,"0","Sat"
"2686","21",5,"0","Sat"
"2687","22",1,"0","Sat"
"2688","23",1,"0","Sat"
"2689","1",1,"0","Sun"
"2690","8",3,"0","Sun"
"2691","9",3,"0","Sun"
"2692","11",1,"0","Sun"
"2693","12",4,"0","Sun"
"2694","13",7,"0","Sun"
"2695","14",8,"0","Sun"
"2696","15",11,"0","Sun"
"2697","16",3,"0","Sun"
"2698","17",2,"0","Sun"
"2699","18",3,"0","Sun"
"2700","19",4,"0","Sun"
"2701","20",8,"0","Sun"
"2702","21",1,"0","Sun"
"2703","22",1,"0","Sun"
"2704","23",7,"0","Sun"
"2705","6",1,"0","Mon"
"2706","8",1,"0","Mon"
"2707","11",3,"0","Mon"
"2708","12",3,"0","Mon"
"2709","13",1,"0","Mon"
"2710","14",5,"0","Mon"
"2711","15",1,"0","Mon"
"2712","16",3,"0","Mon"
"2713","17",4,"0","Mon"
"2714","18",2,"0","Mon"
"2715","19",1,"0","Mon"
"2716","20",6,"0","Mon"
"2717","21",6,"0","Mon"
"2718","22",2,"0","Mon"
"2719","23",1,"0","Mon"
"2720","0",2,"0","Tues"
"2721","6",1,"0","Tues"
"2722","8",1,"0","Tues"
"2723","10",1,"0","Tues"
"2724","11",1,"0","Tues"
"2725","12",2,"0","Tues"
"2726","13",2,"0","Tues"
"2727","15",1,"0","Tues"
"2728","17",1,"0","Tues"
"2729","18",3,"0","Tues"
"2730","23",1,"0","Tues"
"2731","0",1,"0","Wed"
"2732","1",1,"0","Wed"
"2733","7",2,"0","Wed"
"2734","8",1,"0","Wed"
"2735","11",4,"0","Wed"
"2736","12",2,"0","Wed"
"2737","13",3,"0","Wed"
"2738","14",2,"0","Wed"
"2739","15",4,"0","Wed"
"2740","16",1,"0","Wed"
"2741","17",3,"0","Wed"
"2742","18",3,"0","Wed"
"2743","19",1,"0","Wed"
"2744","20",3,"0","Wed"
"2745","23",1,"0","Wed"
"2746","0",2,"0","Thurs"
"2747","5",1,"0","Thurs"
"2748","8",1,"0","Thurs"
"2749","10",1,"0","Thurs"
"2750","11",6,"0","Thurs"
"2751","12",2,"0","Thurs"
"2752","13",1,"0","Thurs"
"2753","14",2,"0","Thurs"
"2754","15",1,"0","Thurs"
"2755","17",1,"0","Thurs"
"2756","18",2,"0","Thurs"
"2757","23",2,"0","Thurs"
"2758","0",1,"0","Fri"
"2759","1",1,"0","Fri"
"2760","7",1,"0","Fri"
"2761","8",1,"0","Fri"
"2762","9",1,"0","Fri"
"2763","11",1,"0","Fri"
"2764","12",2,"0","Fri"
"2765","13",4,"0","Fri"
"2766","14",1,"0","Fri"
"2767","15",3,"0","Fri"
"2768","16",1,"0","Fri"
"2769","17",2,"0","Fri"
"2770","18",3,"0","Fri"
"2771","19",3,"0","Fri"
"2772","20",3,"0","Fri"
"2773","23",4,"0","Fri"
"2774","0",4,"0","Sat"
"2775","4",1,"0","Sat"
"2776","7",1,"0","Sat"
"2777","8",1,"0","Sat"
"2778","9",2,"0","Sat"
"2779","10",3,"0","Sat"
"2780","11",4,"0","Sat"
"2781","12",3,"0","Sat"
"2782","13",10,"0","Sat"
"2783","14",7,"0","Sat"
"2784","15",8,"0","Sat"
"2785","16",7,"0","Sat"
"2786","17",16,"0","Sat"
"2787","18",4,"0","Sat"
"2788","19",3,"0","Sat"
"2789","20",2,"0","Sat"
"2790","21",2,"0","Sat"
"2791","22",4,"0","Sat"
"2792","0",1,"0","Sun"
"2793","8",2,"0","Sun"
"2794","9",2,"0","Sun"
"2795","10",3,"0","Sun"
"2796","11",3,"0","Sun"
"2797","12",6,"0","Sun"
"2798","13",6,"0","Sun"
"2799","14",4,"0","Sun"
"2800","15",2,"0","Sun"
"2801","16",2,"0","Sun"
"2802","17",18,"0","Sun"
"2803","18",4,"0","Sun"
"2804","19",2,"0","Sun"
"2805","20",9,"0","Sun"
"2806","21",23,"0","Sun"
"2807","22",19,"0","Sun"
"2808","23",1,"0","Sun"
"2809","4",1,"0","Mon"
"2810","10",1,"0","Mon"
"2811","11",1,"0","Mon"
"2812","12",1,"0","Mon"
"2813","13",2,"0","Mon"
"2814","14",1,"0","Mon"
"2815","15",1,"0","Mon"
"2816","16",3,"0","Mon"
"2817","17",2,"0","Mon"
"2818","18",2,"0","Mon"
"2819","19",1,"0","Mon"
"2820","20",6,"0","Mon"
"2821","21",1,"0","Mon"
"2822","22",1,"0","Mon"
"2823","4",1,"0","Tues"
"2824","7",1,"0","Tues"
"2825","10",1,"0","Tues"
"2826","11",2,"0","Tues"
"2827","13",2,"0","Tues"
"2828","14",2,"0","Tues"
"2829","15",7,"0","Tues"
"2830","16",1,"0","Tues"
"2831","17",1,"0","Tues"
"2832","19",2,"0","Tues"
"2833","21",3,"0","Tues"
"2834","22",2,"0","Tues"
"2835","0",3,"0","Wed"
"2836","9",2,"0","Wed"
"2837","12",1,"0","Wed"
"2838","13",1,"0","Wed"
"2839","14",5,"0","Wed"
"2840","17",2,"0","Wed"
"2841","18",2,"0","Wed"
"2842","20",1,"0","Wed"
"2843","22",2,"0","Wed"
"2844","10",3,"0","Thurs"
"2845","12",4,"0","Thurs"
"2846","13",1,"0","Thurs"
"2847","15",8,"0","Thurs"
"2848","17",3,"0","Thurs"
"2849","18",4,"0","Thurs"
"2850","19",1,"0","Thurs"
"2851","20",1,"0","Thurs"
"2852","21",1,"0","Thurs"
"2853","23",3,"0","Thurs"
"2854","7",1,"0","Fri"
"2855","9",1,"0","Fri"
"2856","12",1,"0","Fri"
"2857","13",2,"0","Fri"
"2858","14",1,"0","Fri"
"2859","15",2,"0","Fri"
"2860","16",2,"0","Fri"
"2861","17",1,"0","Fri"
"2862","18",2,"0","Fri"
"2863","19",6,"0","Fri"
"2864","20",5,"0","Fri"
"2865","21",1,"0","Fri"
"2866","23",1,"0","Fri"
"2867","0",2,"0","Sat"
"2868","8",1,"0","Sat"
"2869","9",1,"0","Sat"
"2870","10",4,"0","Sat"
"2871","12",2,"0","Sat"
"2872","13",5,"0","Sat"
"2873","14",7,"0","Sat"
"2874","15",3,"0","Sat"
"2875","16",5,"0","Sat"
"2876","17",5,"0","Sat"
"2877","18",4,"0","Sat"
"2878","19",1,"0","Sat"
"2879","20",2,"0","Sat"
"2880","21",1,"0","Sat"
"2881","22",3,"0","Sat"
"2882","23",1,"0","Sat"
"2883","9",1,"0","Sun"
"2884","10",2,"0","Sun"
"2885","11",1,"0","Sun"
"2886","12",6,"0","Sun"
"2887","13",5,"0","Sun"
"2888","14",6,"0","Sun"
"2889","15",3,"0","Sun"
"2890","16",2,"0","Sun"
"2891","17",2,"0","Sun"
"2892","18",1,"0","Sun"
"2893","19",1,"0","Sun"
"2894","21",2,"0","Sun"
"2895","22",1,"0","Sun"
"2896","23",2,"0","Sun"
"2897","9",1,"0","Mon"
"2898","12",1,"0","Mon"
"2899","14",3,"0","Mon"
"2900","15",7,"0","Mon"
"2901","16",2,"0","Mon"
"2902","18",1,"0","Mon"
"2903","20",1,"0","Mon"
"2904","21",1,"0","Mon"
"2905","0",1,"0","Tues"
"2906","1",2,"0","Tues"
"2907","8",1,"0","Tues"
"2908","12",3,"0","Tues"
"2909","13",6,"0","Tues"
"2910","14",4,"0","Tues"
"2911","15",2,"0","Tues"
"2912","16",4,"0","Tues"
"2913","17",7,"0","Tues"
"2914","18",1,"0","Tues"
"2915","21",2,"0","Tues"
"2916","22",1,"0","Tues"
"2917","9",1,"0","Wed"
"2918","11",3,"0","Wed"
"2919","13",4,"0","Wed"
"2920","14",6,"0","Wed"
"2921","16",1,"0","Wed"
"2922","17",4,"0","Wed"
"2923","18",1,"0","Wed"
"2924","20",4,"0","Wed"
"2925","21",1,"0","Wed"
"2926","22",3,"0","Wed"
"2927","9",1,"0","Thurs"
"2928","10",3,"0","Thurs"
"2929","12",2,"0","Thurs"
"2930","13",3,"0","Thurs"
"2931","14",4,"0","Thurs"
"2932","15",12,"0","Thurs"
"2933","16",11,"0","Thurs"
"2934","17",2,"0","Thurs"
"2935","18",2,"0","Thurs"
"2936","19",2,"0","Thurs"
"2937","20",2,"0","Thurs"
"2938","21",4,"0","Thurs"
"2939","22",2,"0","Thurs"
"2940","0",2,"1","Fri"
"2941","9",5,"1","Fri"
"2942","10",1,"1","Fri"
"2943","11",7,"1","Fri"
"2944","12",3,"1","Fri"
"2945","13",4,"1","Fri"
"2946","14",3,"1","Fri"
"2947","15",5,"1","Fri"
"2948","16",10,"1","Fri"
"2949","17",12,"1","Fri"
"2950","18",10,"1","Fri"
"2951","19",5,"1","Fri"
"2952","20",5,"1","Fri"
"2953","21",7,"1","Fri"
"2954","22",4,"1","Fri"
"2955","23",6,"1","Fri"
"2956","0",4,"0","Sat"
"2957","1",1,"0","Sat"
"2958","7",4,"0","Sat"
"2959","9",2,"0","Sat"
"2960","10",2,"0","Sat"
"2961","11",6,"0","Sat"
"2962","12",4,"0","Sat"
"2963","13",8,"0","Sat"
"2964","14",5,"0","Sat"
"2965","15",3,"0","Sat"
"2966","16",3,"0","Sat"
"2967","17",15,"0","Sat"
"2968","18",5,"0","Sat"
"2969","19",22,"0","Sat"
"2970","21",5,"0","Sat"
"2971","23",2,"0","Sat"
"2972","0",1,"0","Sun"
"2973","1",1,"0","Sun"
"2974","3",6,"0","Sun"
"2975","10",1,"0","Sun"
"2976","11",2,"0","Sun"
"2977","12",6,"0","Sun"
"2978","13",3,"0","Sun"
"2979","14",5,"0","Sun"
"2980","15",16,"0","Sun"
"2981","16",8,"0","Sun"
"2982","17",5,"0","Sun"
"2983","18",8,"0","Sun"
"2984","19",2,"0","Sun"
"2985","20",7,"0","Sun"
"2986","21",2,"0","Sun"
"2987","8",2,"0","Mon"
"2988","9",1,"0","Mon"
"2989","10",1,"0","Mon"
"2990","11",3,"0","Mon"
"2991","12",5,"0","Mon"
"2992","13",1,"0","Mon"
"2993","14",1,"0","Mon"
"2994","15",2,"0","Mon"
"2995","16",2,"0","Mon"
"2996","17",6,"0","Mon"
"2997","18",2,"0","Mon"
"2998","19",2,"0","Mon"
"2999","21",5,"0","Mon"
"3000","23",1,"0","Mon"
"3001","10",1,"0","Tues"
"3002","11",1,"0","Tues"
"3003","12",1,"0","Tues"
"3004","13",2,"0","Tues"
"3005","14",3,"0","Tues"
"3006","15",2,"0","Tues"
"3007","16",2,"0","Tues"
"3008","17",3,"0","Tues"
"3009","18",1,"0","Tues"
"3010","19",2,"0","Tues"
"3011","20",1,"0","Tues"
"3012","22",2,"0","Tues"
"3013","0",1,"0","Wed"
"3014","8",1,"0","Wed"
"3015","10",2,"0","Wed"
"3016","13",3,"0","Wed"
"3017","14",2,"0","Wed"
"3018","15",5,"0","Wed"
"3019","16",2,"0","Wed"
"3020","18",2,"0","Wed"
"3021","19",3,"0","Wed"
"3022","20",1,"0","Wed"
"3023","21",2,"0","Wed"
"3024","22",1,"0","Wed"
"3025","23",1,"0","Wed"
"3026","0",1,"0","Thurs"
"3027","7",1,"0","Thurs"
"3028","10",3,"0","Thurs"
"3029","11",5,"0","Thurs"
"3030","12",1,"0","Thurs"
"3031","13",3,"0","Thurs"
"3032","14",2,"0","Thurs"
"3033","15",4,"0","Thurs"
"3034","16",3,"0","Thurs"
"3035","17",5,"0","Thurs"
"3036","18",7,"0","Thurs"
"3037","19",1,"0","Thurs"
"3038","21",3,"0","Thurs"
"3039","22",2,"0","Thurs"
"3040","1",1,"0","Fri"
"3041","10",1,"0","Fri"
"3042","12",3,"0","Fri"
"3043","13",4,"0","Fri"
"3044","14",2,"0","Fri"
"3045","15",1,"0","Fri"
"3046","16",4,"0","Fri"
"3047","17",5,"0","Fri"
"3048","18",3,"0","Fri"
"3049","19",3,"0","Fri"
"3050","20",6,"0","Fri"
"3051","21",1,"0","Fri"
"3052","22",1,"0","Fri"
"3053","23",1,"0","Fri"
"3054","9",1,"0","Sat"
"3055","10",2,"0","Sat"
"3056","11",3,"0","Sat"
"3057","12",1,"0","Sat"
"3058","13",7,"0","Sat"
"3059","14",6,"0","Sat"
"3060","15",10,"0","Sat"
"3061","16",13,"0","Sat"
"3062","17",4,"0","Sat"
"3063","18",4,"0","Sat"
"3064","19",2,"0","Sat"
"3065","20",11,"0","Sat"
"3066","21",5,"0","Sat"
"3067","22",3,"0","Sat"
"3068","23",3,"0","Sat"
"3069","9",2,"0","Sun"
"3070","10",1,"0","Sun"
"3071","11",5,"0","Sun"
"3072","12",7,"0","Sun"
"3073","13",5,"0","Sun"
"3074","14",9,"0","Sun"
"3075","15",3,"0","Sun"
"3076","16",8,"0","Sun"
"3077","17",8,"0","Sun"
"3078","18",6,"0","Sun"
"3079","19",1,"0","Sun"
"3080","20",3,"0","Sun"
"3081","21",8,"0","Sun"
"3082","22",1,"0","Sun"
"3083","23",6,"0","Sun"
"3084","0",1,"0","Mon"
"3085","9",3,"0","Mon"
"3086","12",2,"0","Mon"
"3087","13",2,"0","Mon"
"3088","14",1,"0","Mon"
"3089","15",2,"0","Mon"
"3090","16",1,"0","Mon"
"3091","17",2,"0","Mon"
"3092","18",3,"0","Mon"
"3093","19",3,"0","Mon"
"3094","21",1,"0","Mon"
"3095","22",1,"0","Mon"
"3096","23",1,"0","Mon"
"3097","0",2,"0","Tues"
"3098","2",1,"0","Tues"
"3099","3",1,"0","Tues"
"3100","7",1,"0","Tues"
"3101","8",1,"0","Tues"
"3102","11",2,"0","Tues"
"3103","12",5,"0","Tues"
"3104","13",4,"0","Tues"
"3105","14",5,"0","Tues"
"3106","16",2,"0","Tues"
"3107","17",1,"0","Tues"
"3108","19",2,"0","Tues"
"3109","20",1,"0","Tues"
"3110","21",1,"0","Tues"
"3111","22",1,"0","Tues"
"3112","8",2,"0","Wed"
"3113","9",2,"0","Wed"
"3114","10",2,"0","Wed"
"3115","11",5,"0","Wed"
"3116","12",2,"0","Wed"
"3117","14",1,"0","Wed"
"3118","15",6,"0","Wed"
"3119","16",2,"0","Wed"
"3120","17",2,"0","Wed"
"3121","18",2,"0","Wed"
"3122","20",1,"0","Wed"
"3123","22",1,"0","Wed"
"3124","23",3,"0","Wed"
"3125","1",3,"0","Thurs"
"3126","6",3,"0","Thurs"
"3127","10",1,"0","Thurs"
"3128","11",3,"0","Thurs"
"3129","12",2,"0","Thurs"
"3130","13",1,"0","Thurs"
"3131","14",3,"0","Thurs"
"3132","15",1,"0","Thurs"
"3133","16",3,"0","Thurs"
"3134","17",2,"0","Thurs"
"3135","18",1,"0","Thurs"
"3136","21",1,"0","Thurs"
"3137","22",3,"0","Thurs"
"3138","23",1,"0","Thurs"
"3139","0",4,"0","Fri"
"3140","7",1,"0","Fri"
"3141","9",1,"0","Fri"
"3142","10",1,"0","Fri"
"3143","11",1,"0","Fri"
"3144","12",4,"0","Fri"
"3145","13",3,"0","Fri"
"3146","14",4,"0","Fri"
"3147","15",1,"0","Fri"
"3148","16",2,"0","Fri"
"3149","17",5,"0","Fri"
"3150","18",9,"0","Fri"
"3151","19",5,"0","Fri"
"3152","20",9,"0","Fri"
"3153","22",6,"0","Fri"
"3154","23",3,"0","Fri"
"3155","0",1,"0","Sat"
"3156","2",1,"0","Sat"
"3157","5",1,"0","Sat"
"3158","6",1,"0","Sat"
"3159","8",1,"0","Sat"
"3160","9",6,"0","Sat"
"3161","10",1,"0","Sat"
"3162","11",2,"0","Sat"
"3163","12",7,"0","Sat"
"3164","13",4,"0","Sat"
"3165","14",11,"0","Sat"
"3166","15",10,"0","Sat"
"3167","16",10,"0","Sat"
"3168","17",3,"0","Sat"
"3169","18",6,"0","Sat"
"3170","19",4,"0","Sat"
"3171","20",4,"0","Sat"
"3172","21",6,"0","Sat"
"3173","22",1,"0","Sat"
"3174","23",3,"0","Sat"
"3175","0",1,"0","Sun"
"3176","1",1,"0","Sun"
"3177","2",2,"0","Sun"
"3178","3",1,"0","Sun"
"3179","5",2,"0","Sun"
"3180","7",1,"0","Sun"
"3181","9",3,"0","Sun"
"3182","10",2,"0","Sun"
"3183","11",9,"0","Sun"
"3184","12",4,"0","Sun"
"3185","13",3,"0","Sun"
"3186","14",4,"0","Sun"
"3187","15",9,"0","Sun"
"3188","16",2,"0","Sun"
"3189","17",3,"0","Sun"
"3190","18",6,"0","Sun"
"3191","19",4,"0","Sun"
"3192","20",1,"0","Sun"
"3193","21",1,"0","Sun"
"3194","22",4,"0","Sun"
"3195","23",3,"0","Sun"
"3196","5",2,"0","Mon"
"3197","7",2,"0","Mon"
"3198","8",1,"0","Mon"
"3199","10",1,"0","Mon"
"3200","11",1,"0","Mon"
"3201","12",4,"0","Mon"
"3202","13",3,"0","Mon"
"3203","14",8,"0","Mon"
"3204","15",4,"0","Mon"
"3205","16",2,"0","Mon"
"3206","17",1,"0","Mon"
"3207","18",2,"0","Mon"
"3208","19",4,"0","Mon"
"3209","20",2,"0","Mon"
"3210","21",1,"0","Mon"
"3211","22",2,"0","Mon"
"3212","23",1,"0","Mon"
"3213","3",3,"0","Tues"
"3214","8",1,"0","Tues"
"3215","9",6,"0","Tues"
"3216","10",17,"0","Tues"
"3217","11",7,"0","Tues"
"3218","12",4,"0","Tues"
"3219","13",6,"0","Tues"
"3220","14",1,"0","Tues"
"3221","16",4,"0","Tues"
"3222","17",4,"0","Tues"
"3223","18",4,"0","Tues"
"3224","19",1,"0","Tues"
"3225","20",1,"0","Tues"
"3226","21",1,"0","Tues"
"3227","22",4,"0","Tues"
"3228","0",1,"0","Wed"
"3229","9",2,"0","Wed"
"3230","10",1,"0","Wed"
"3231","12",1,"0","Wed"
"3232","13",2,"0","Wed"
"3233","14",6,"0","Wed"
"3234","15",12,"0","Wed"
"3235","16",6,"0","Wed"
"3236","17",1,"0","Wed"
"3237","20",1,"0","Wed"
"3238","21",8,"0","Wed"
"3239","9",3,"0","Thurs"
"3240","10",1,"0","Thurs"
"3241","13",1,"0","Thurs"
"3242","14",3,"0","Thurs"
"3243","15",2,"0","Thurs"
"3244","16",4,"0","Thurs"
"3245","17",5,"0","Thurs"
"3246","18",4,"0","Thurs"
"3247","19",3,"0","Thurs"
"3248","20",1,"0","Thurs"
"3249","21",7,"0","Thurs"
"3250","22",2,"0","Thurs"
"3251","0",2,"0","Fri"
"3252","9",2,"0","Fri"
"3253","10",2,"0","Fri"
"3254","14",4,"0","Fri"
"3255","15",3,"0","Fri"
"3256","16",5,"0","Fri"
"3257","17",7,"0","Fri"
"3258","18",3,"0","Fri"
"3259","19",3,"0","Fri"
"3260","20",2,"0","Fri"
"3261","21",1,"0","Fri"
"3262","22",3,"0","Fri"
"3263","23",1,"0","Fri"
"3264","0",3,"0","Sat"
"3265","1",1,"0","Sat"
"3266","8",1,"0","Sat"
"3267","9",1,"0","Sat"
"3268","10",9,"0","Sat"
"3269","11",4,"0","Sat"
"3270","12",2,"0","Sat"
"3271","13",9,"0","Sat"
"3272","14",3,"0","Sat"
"3273","15",5,"0","Sat"
"3274","16",4,"0","Sat"
"3275","17",4,"0","Sat"
"3276","18",5,"0","Sat"
"3277","19",3,"0","Sat"
"3278","20",2,"0","Sat"
"3279","21",3,"0","Sat"
"3280","22",3,"0","Sat"
"3281","23",3,"0","Sat"
"3282","0",2,"0","Sun"
"3283","10",1,"0","Sun"
"3284","11",3,"0","Sun"
"3285","12",4,"0","Sun"
"3286","13",2,"0","Sun"
"3287","14",6,"0","Sun"
"3288","15",8,"0","Sun"
"3289","16",6,"0","Sun"
"3290","17",7,"0","Sun"
"3291","18",3,"0","Sun"
"3292","19",5,"0","Sun"
"3293","20",8,"0","Sun"
"3294","21",2,"0","Sun"
"3295","22",1,"0","Sun"
"3296","1",1,"0","Mon"
"3297","2",1,"0","Mon"
"3298","7",1,"0","Mon"
"3299","8",1,"0","Mon"
"3300","9",5,"0","Mon"
"3301","10",3,"0","Mon"
"3302","11",2,"0","Mon"
"3303","12",3,"0","Mon"
"3304","13",2,"0","Mon"
"3305","14",2,"0","Mon"
"3306","15",3,"0","Mon"
"3307","16",4,"0","Mon"
"3308","17",5,"0","Mon"
"3309","19",5,"0","Mon"
"3310","21",1,"0","Mon"
"3311","22",1,"0","Mon"
"3312","23",2,"0","Mon"
"3313","1",2,"0","Tues"
"3314","2",1,"0","Tues"
"3315","9",1,"0","Tues"
"3316","11",2,"0","Tues"
"3317","12",4,"0","Tues"
"3318","13",4,"0","Tues"
"3319","14",3,"0","Tues"
"3320","15",9,"0","Tues"
"3321","16",5,"0","Tues"
"3322","17",1,"0","Tues"
"3323","18",2,"0","Tues"
"3324","19",3,"0","Tues"
"3325","20",3,"0","Tues"
"3326","21",5,"0","Tues"
"3327","22",3,"0","Tues"
"3328","4",1,"0","Wed"
"3329","7",2,"0","Wed"
"3330","8",1,"0","Wed"
"3331","11",1,"0","Wed"
"3332","12",3,"0","Wed"
"3333","13",3,"0","Wed"
"3334","16",3,"0","Wed"
"3335","17",2,"0","Wed"
"3336","18",2,"0","Wed"
"3337","19",1,"0","Wed"
"3338","20",1,"0","Wed"
"3339","21",1,"0","Wed"
"3340","22",1,"0","Wed"
"3341","0",2,"0","Thurs"
"3342","8",2,"0","Thurs"
"3343","9",1,"0","Thurs"
"3344","10",2,"0","Thurs"
"3345","11",2,"0","Thurs"
"3346","13",2,"0","Thurs"
"3347","14",3,"0","Thurs"
"3348","15",1,"0","Thurs"
"3349","16",1,"0","Thurs"
"3350","20",1,"0","Thurs"
"3351","21",2,"0","Thurs"
"3352","22",6,"0","Thurs"
"3353","0",1,"0","Fri"
"3354","1",1,"0","Fri"
"3355","5",1,"0","Fri"
"3356","7",2,"0","Fri"
"3357","9",1,"0","Fri"
"3358","10",1,"0","Fri"
"3359","11",5,"0","Fri"
"3360","12",3,"0","Fri"
"3361","13",2,"0","Fri"
"3362","14",2,"0","Fri"
"3363","15",3,"0","Fri"
"3364","16",7,"0","Fri"
"3365","17",1,"0","Fri"
"3366","18",2,"0","Fri"
"3367","19",3,"0","Fri"
"3368","21",6,"0","Fri"
"3369","22",5,"0","Fri"
"3370","23",5,"0","Fri"
"3371","0",1,"0","Sat"
"3372","8",2,"0","Sat"
"3373","9",3,"0","Sat"
"3374","10",3,"0","Sat"
"3375","11",2,"0","Sat"
"3376","12",2,"0","Sat"
"3377","13",5,"0","Sat"
"3378","14",3,"0","Sat"
"3379","15",7,"0","Sat"
"3380","16",12,"0","Sat"
"3381","17",13,"0","Sat"
"3382","18",2,"0","Sat"
"3383","19",2,"0","Sat"
"3384","20",10,"0","Sat"
"3385","21",2,"0","Sat"
"3386","22",1,"0","Sat"
"3387","23",2,"0","Sat"
"3388","0",1,"0","Sun"
"3389","1",1,"0","Sun"
"3390","3",1,"0","Sun"
"3391","9",1,"0","Sun"
"3392","10",4,"0","Sun"
"3393","11",4,"0","Sun"
"3394","12",3,"0","Sun"
"3395","13",6,"0","Sun"
"3396","14",11,"0","Sun"
"3397","15",9,"0","Sun"
"3398","16",7,"0","Sun"
"3399","17",6,"0","Sun"
"3400","18",6,"0","Sun"
"3401","19",3,"0","Sun"
"3402","20",4,"0","Sun"
"3403","21",2,"0","Sun"
"3404","23",2,"0","Sun"
"3405","9",1,"0","Mon"
"3406","10",1,"0","Mon"
"3407","12",1,"0","Mon"
"3408","13",3,"0","Mon"
"3409","14",4,"0","Mon"
"3410","15",26,"0","Mon"
"3411","16",5,"0","Mon"
"3412","17",1,"0","Mon"
"3413","18",2,"0","Mon"
"3414","19",2,"0","Mon"
"3415","20",4,"0","Mon"
"3416","21",3,"0","Mon"
"3417","22",3,"0","Mon"
"3418","23",7,"0","Mon"
"3419","0",2,"0","Tues"
"3420","9",2,"0","Tues"
"3421","10",1,"0","Tues"
"3422","11",2,"0","Tues"
"3423","12",6,"0","Tues"
"3424","14",8,"0","Tues"
"3425","15",2,"0","Tues"
"3426","16",4,"0","Tues"
"3427","19",4,"0","Tues"
"3428","20",1,"0","Tues"
"3429","22",2,"0","Tues"
"3430","23",1,"0","Tues"
"3431","10",2,"0","Wed"
"3432","11",2,"0","Wed"
"3433","12",6,"0","Wed"
"3434","13",5,"0","Wed"
"3435","14",5,"0","Wed"
"3436","15",7,"0","Wed"
"3437","16",2,"0","Wed"
"3438","17",3,"0","Wed"
"3439","18",2,"0","Wed"
"3440","19",5,"0","Wed"
"3441","20",1,"0","Wed"
"3442","21",5,"0","Wed"
"3443","22",3,"0","Wed"
"3444","23",1,"0","Wed"
"3445","1",1,"0","Thurs"
"3446","7",1,"0","Thurs"
"3447","9",2,"0","Thurs"
"3448","10",3,"0","Thurs"
"3449","11",1,"0","Thurs"
"3450","12",1,"0","Thurs"
"3451","13",2,"0","Thurs"
"3452","14",4,"0","Thurs"
"3453","15",3,"0","Thurs"
"3454","16",9,"0","Thurs"
"3455","17",1,"0","Thurs"
"3456","19",5,"0","Thurs"
"3457","21",2,"0","Thurs"
"3458","23",1,"0","Thurs"
"3459","10",1,"0","Fri"
"3460","11",3,"0","Fri"
"3461","13",4,"0","Fri"
"3462","14",4,"0","Fri"
"3463","15",5,"0","Fri"
"3464","16",2,"0","Fri"
"3465","17",8,"0","Fri"
"3466","18",9,"0","Fri"
"3467","19",8,"0","Fri"
"3468","20",2,"0","Fri"
"3469","21",5,"0","Fri"
"3470","22",1,"0","Fri"
"3471","23",2,"0","Fri"
"3472","0",3,"0","Sat"
"3473","1",1,"0","Sat"
"3474","3",1,"0","Sat"
"3475","9",2,"0","Sat"
"3476","10",1,"0","Sat"
"3477","11",6,"0","Sat"
"3478","12",4,"0","Sat"
"3479","13",5,"0","Sat"
"3480","14",5,"0","Sat"
"3481","15",6,"0","Sat"
"3482","16",7,"0","Sat"
"3483","17",2,"0","Sat"
"3484","18",10,"0","Sat"
"3485","19",3,"0","Sat"
"3486","20",7,"0","Sat"
"3487","21",6,"0","Sat"
"3488","22",1,"0","Sat"
"3489","23",4,"0","Sat"
"3490","6",1,"0","Sun"
"3491","8",1,"0","Sun"
"3492","9",1,"0","Sun"
"3493","10",4,"0","Sun"
"3494","12",5,"0","Sun"
"3495","13",8,"0","Sun"
"3496","14",19,"0","Sun"
"3497","15",3,"0","Sun"
"3498","16",4,"0","Sun"
"3499","17",3,"0","Sun"
"3500","18",3,"0","Sun"
"3501","19",2,"0","Sun"
"3502","20",3,"0","Sun"
"3503","21",6,"0","Sun"
"3504","22",3,"0","Sun"
"3505","23",1,"0","Sun"
"3506","0",1,"0","Mon"
"3507","8",1,"0","Mon"
"3508","10",3,"0","Mon"
"3509","11",1,"0","Mon"
"3510","12",2,"0","Mon"
"3511","13",6,"0","Mon"
"3512","14",2,"0","Mon"
"3513","15",4,"0","Mon"
"3514","16",4,"0","Mon"
"3515","17",6,"0","Mon"
"3516","18",1,"0","Mon"
"3517","19",4,"0","Mon"
"3518","20",2,"0","Mon"
"3519","21",4,"0","Mon"
"3520","22",3,"0","Mon"
"3521","23",2,"0","Mon"
"3522","6",1,"0","Tues"
"3523","7",1,"0","Tues"
"3524","10",2,"0","Tues"
"3525","11",2,"0","Tues"
"3526","14",6,"0","Tues"
"3527","15",5,"0","Tues"
"3528","16",5,"0","Tues"
"3529","17",9,"0","Tues"
"3530","18",3,"0","Tues"
"3531","19",6,"0","Tues"
"3532","20",1,"0","Tues"
"3533","21",5,"0","Tues"
"3534","22",4,"0","Tues"
"3535","23",2,"0","Tues"
"3536","0",6,"0","Wed"
"3537","1",1,"0","Wed"
"3538","11",1,"0","Wed"
"3539","12",3,"0","Wed"
"3540","13",2,"0","Wed"
"3541","15",5,"0","Wed"
"3542","16",3,"0","Wed"
"3543","17",9,"0","Wed"
"3544","18",5,"0","Wed"
"3545","19",4,"0","Wed"
"3546","20",6,"0","Wed"
"3547","21",1,"0","Wed"
"3548","22",1,"0","Wed"
"3549","0",1,"0","Thurs"
"3550","7",1,"0","Thurs"
"3551","9",1,"0","Thurs"
"3552","10",1,"0","Thurs"
"3553","11",5,"0","Thurs"
"3554","12",5,"0","Thurs"
"3555","13",2,"0","Thurs"
"3556","14",2,"0","Thurs"
"3557","15",5,"0","Thurs"
"3558","16",2,"0","Thurs"
"3559","17",6,"0","Thurs"
"3560","18",1,"0","Thurs"
"3561","19",4,"0","Thurs"
"3562","20",4,"0","Thurs"
"3563","21",1,"0","Thurs"
"3564","22",2,"0","Thurs"
"3565","6",1,"0","Fri"
"3566","10",3,"0","Fri"
"3567","12",1,"0","Fri"
"3568","13",2,"0","Fri"
"3569","14",4,"0","Fri"
"3570","15",5,"0","Fri"
"3571","16",5,"0","Fri"
"3572","17",11,"0","Fri"
"3573","18",7,"0","Fri"
"3574","19",3,"0","Fri"
"3575","20",6,"0","Fri"
"3576","21",2,"0","Fri"
"3577","22",8,"0","Fri"
"3578","23",4,"0","Fri"
"3579","1",1,"0","Sat"
"3580","9",3,"0","Sat"
"3581","10",6,"0","Sat"
"3582","11",4,"0","Sat"
"3583","12",5,"0","Sat"
"3584","13",2,"0","Sat"
"3585","14",6,"0","Sat"
"3586","15",4,"0","Sat"
"3587","16",6,"0","Sat"
"3588","17",3,"0","Sat"
"3589","18",1,"0","Sat"
"3590","19",3,"0","Sat"
"3591","20",2,"0","Sat"
"3592","21",4,"0","Sat"
"3593","22",4,"0","Sat"
"3594","23",1,"0","Sat"
"3595","0",2,"0","Sun"
"3596","7",1,"0","Sun"
"3597","10",5,"0","Sun"
"3598","11",8,"0","Sun"
"3599","12",2,"0","Sun"
"3600","13",4,"0","Sun"
"3601","14",5,"0","Sun"
"3602","15",6,"0","Sun"
"3603","16",5,"0","Sun"
"3604","17",6,"0","Sun"
"3605","18",1,"0","Sun"
"3606","19",1,"0","Sun"
"3607","20",1,"0","Sun"
"3608","21",3,"0","Sun"
"3609","0",1,"0","Mon"
"3610","1",1,"0","Mon"
"3611","4",1,"0","Mon"
"3612","7",1,"0","Mon"
"3613","10",1,"0","Mon"
"3614","11",1,"0","Mon"
"3615","12",2,"0","Mon"
"3616","13",12,"0","Mon"
"3617","14",5,"0","Mon"
"3618","15",9,"0","Mon"
"3619","16",4,"0","Mon"
"3620","17",5,"0","Mon"
"3621","18",2,"0","Mon"
"3622","19",1,"0","Mon"
"3623","20",2,"0","Mon"
"3624","21",3,"0","Mon"
"3625","22",2,"0","Mon"
"3626","23",2,"0","Mon"
"3627","0",2,"0","Tues"
"3628","2",2,"0","Tues"
"3629","4",3,"0","Tues"
"3630","10",2,"0","Tues"
"3631","12",2,"0","Tues"
"3632","13",5,"0","Tues"
"3633","14",10,"0","Tues"
"3634","15",2,"0","Tues"
"3635","16",2,"0","Tues"
"3636","17",4,"0","Tues"
"3637","18",6,"0","Tues"
"3638","19",6,"0","Tues"
"3639","20",3,"0","Tues"
"3640","21",1,"0","Tues"
"3641","22",1,"0","Tues"
"3642","8",1,"0","Wed"
"3643","10",2,"0","Wed"
"3644","12",2,"0","Wed"
"3645","13",5,"0","Wed"
"3646","14",10,"0","Wed"
"3647","15",8,"0","Wed"
"3648","16",7,"0","Wed"
"3649","17",6,"0","Wed"
"3650","18",6,"0","Wed"
"3651","19",3,"0","Wed"
"3652","20",4,"0","Wed"
"3653","21",3,"0","Wed"
"3654","22",3,"0","Wed"
"3655","23",3,"0","Wed"
"3656","0",1,"0","Thurs"
"3657","2",1,"0","Thurs"
"3658","4",1,"0","Thurs"
"3659","10",5,"0","Thurs"
"3660","11",4,"0","Thurs"
"3661","12",9,"0","Thurs"
"3662","13",3,"0","Thurs"
"3663","14",5,"0","Thurs"
"3664","15",6,"0","Thurs"
"3665","16",3,"0","Thurs"
"3666","17",6,"0","Thurs"
"3667","18",4,"0","Thurs"
"3668","19",4,"0","Thurs"
"3669","20",3,"0","Thurs"
"3670","21",5,"0","Thurs"
"3671","22",3,"0","Thurs"
"3672","10",2,"0","Fri"
"3673","11",3,"0","Fri"
"3674","12",8,"0","Fri"
"3675","13",5,"0","Fri"
"3676","14",3,"0","Fri"
"3677","15",5,"0","Fri"
"3678","16",5,"0","Fri"
"3679","17",14,"0","Fri"
"3680","18",1,"0","Fri"
"3681","19",2,"0","Fri"
"3682","20",2,"0","Fri"
"3683","21",4,"0","Fri"
"3684","22",2,"0","Fri"
"3685","23",12,"0","Fri"
"3686","0",4,"0","Sat"
"3687","1",1,"0","Sat"
"3688","5",1,"0","Sat"
"3689","6",1,"0","Sat"
"3690","8",1,"0","Sat"
"3691","10",2,"0","Sat"
"3692","11",8,"0","Sat"
"3693","12",9,"0","Sat"
"3694","13",6,"0","Sat"
"3695","14",3,"0","Sat"
"3696","15",5,"0","Sat"
"3697","16",8,"0","Sat"
"3698","17",4,"0","Sat"
"3699","18",9,"0","Sat"
"3700","19",6,"0","Sat"
"3701","20",5,"0","Sat"
"3702","21",1,"0","Sat"
"3703","22",3,"0","Sat"
"3704","23",3,"0","Sat"
"3705","0",2,"0","Sun"
"3706","2",1,"0","Sun"
"3707","6",1,"0","Sun"
"3708","7",2,"0","Sun"
"3709","8",1,"0","Sun"
"3710","9",4,"0","Sun"
"3711","10",2,"0","Sun"
"3712","14",2,"0","Sun"
"3713","15",3,"0","Sun"
"3714","16",6,"0","Sun"
"3715","17",5,"0","Sun"
"3716","19",5,"0","Sun"
"3717","20",2,"0","Sun"
"3718","21",2,"0","Sun"
"3719","22",4,"0","Sun"
"3720","23",1,"0","Sun"
"3721","1",1,"0","Mon"
"3722","5",1,"0","Mon"
"3723","7",1,"0","Mon"
"3724","8",1,"0","Mon"
"3725","10",11,"0","Mon"
"3726","11",8,"0","Mon"
"3727","12",6,"0","Mon"
"3728","13",7,"0","Mon"
"3729","14",2,"0","Mon"
"3730","15",4,"0","Mon"
"3731","16",6,"0","Mon"
"3732","17",5,"0","Mon"
"3733","18",11,"0","Mon"
"3734","19",4,"0","Mon"
"3735","20",4,"0","Mon"
"3736","21",12,"0","Mon"
"3737","22",10,"0","Mon"
"3738","23",5,"0","Mon"
"3739","0",1,"0","Tues"
"3740","9",2,"0","Tues"
"3741","10",1,"0","Tues"
"3742","11",2,"0","Tues"
"3743","12",3,"0","Tues"
"3744","13",2,"0","Tues"
"3745","14",1,"0","Tues"
"3746","15",1,"0","Tues"
"3747","16",1,"0","Tues"
"3748","17",1,"0","Tues"
"3749","18",1,"0","Tues"
"3750","19",4,"0","Tues"
"3751","21",2,"0","Tues"
"3752","22",5,"0","Tues"
"3753","23",2,"0","Tues"
"3754","5",1,"0","Wed"
"3755","10",1,"0","Wed"
"3756","11",1,"0","Wed"
"3757","13",2,"0","Wed"
"3758","14",2,"0","Wed"
"3759","15",3,"0","Wed"
"3760","16",4,"0","Wed"
"3761","17",2,"0","Wed"
"3762","18",1,"0","Wed"
"3763","19",3,"0","Wed"
"3764","20",4,"0","Wed"
"3765","23",1,"0","Wed"
"3766","7",1,"0","Thurs"
"3767","8",2,"0","Thurs"
"3768","12",3,"0","Thurs"
"3769","13",2,"0","Thurs"
"3770","14",2,"0","Thurs"
"3771","15",4,"0","Thurs"
"3772","16",1,"0","Thurs"
"3773","17",1,"0","Thurs"
"3774","18",1,"0","Thurs"
"3775","19",3,"0","Thurs"
"3776","20",1,"0","Thurs"
"3777","22",2,"0","Thurs"
"3778","23",1,"0","Thurs"
"3779","0",4,"0","Fri"
"3780","11",5,"0","Fri"
"3781","12",2,"0","Fri"
"3782","13",4,"0","Fri"
"3783","14",4,"0","Fri"
"3784","15",9,"0","Fri"
"3785","16",4,"0","Fri"
"3786","17",2,"0","Fri"
"3787","18",4,"0","Fri"
"3788","19",7,"0","Fri"
"3789","21",1,"0","Fri"
"3790","22",5,"0","Fri"
"3791","8",2,"0","Sat"
"3792","9",6,"0","Sat"
"3793","10",4,"0","Sat"
"3794","11",17,"0","Sat"
"3795","12",30,"0","Sat"
"3796","13",12,"0","Sat"
"3797","14",8,"0","Sat"
"3798","15",9,"0","Sat"
"3799","16",6,"0","Sat"
"3800","17",4,"0","Sat"
"3801","18",11,"0","Sat"
"3802","19",3,"0","Sat"
"3803","20",4,"0","Sat"
"3804","21",2,"0","Sat"
"3805","23",5,"0","Sat"
"3806","1",21,"0","Sun"
"3807","9",1,"0","Sun"
"3808","10",4,"0","Sun"
"3809","11",2,"0","Sun"
"3810","12",3,"0","Sun"
"3811","13",1,"0","Sun"
"3812","14",2,"0","Sun"
"3813","15",8,"0","Sun"
"3814","16",6,"0","Sun"
"3815","17",8,"0","Sun"
"3816","18",3,"0","Sun"
"3817","19",2,"0","Sun"
"3818","20",3,"0","Sun"
"3819","21",2,"0","Sun"
"3820","22",3,"0","Sun"
"3821","23",1,"0","Sun"
"3822","0",1,"0","Mon"
"3823","1",3,"0","Mon"
"3824","5",1,"0","Mon"
"3825","8",2,"0","Mon"
"3826","10",2,"0","Mon"
"3827","11",23,"0","Mon"
"3828","12",14,"0","Mon"
"3829","13",3,"0","Mon"
"3830","14",3,"0","Mon"
"3831","15",9,"0","Mon"
"3832","16",3,"0","Mon"
"3833","17",1,"0","Mon"
"3834","18",4,"0","Mon"
"3835","19",2,"0","Mon"
"3836","20",1,"0","Mon"
"3837","21",4,"0","Mon"
"3838","22",3,"0","Mon"
"3839","7",2,"0","Tues"
"3840","8",1,"0","Tues"
"3841","9",1,"0","Tues"
"3842","10",2,"0","Tues"
"3843","11",1,"0","Tues"
"3844","12",2,"0","Tues"
"3845","13",4,"0","Tues"
"3846","14",7,"0","Tues"
"3847","15",4,"0","Tues"
"3848","16",2,"0","Tues"
"3849","17",3,"0","Tues"
"3850","18",1,"0","Tues"
"3851","19",1,"0","Tues"
"3852","20",1,"0","Tues"
"3853","21",3,"0","Tues"
"3854","22",1,"0","Tues"
"3855","23",1,"0","Tues"
"3856","0",1,"0","Wed"
"3857","6",2,"0","Wed"
"3858","10",1,"0","Wed"
"3859","11",1,"0","Wed"
"3860","12",1,"0","Wed"
"3861","13",1,"0","Wed"
"3862","14",1,"0","Wed"
"3863","15",2,"0","Wed"
"3864","16",1,"0","Wed"
"3865","17",3,"0","Wed"
"3866","20",1,"0","Wed"
"3867","21",1,"0","Wed"
"3868","23",2,"0","Wed"
"3869","1",1,"0","Thurs"
"3870","8",2,"0","Thurs"
"3871","9",2,"0","Thurs"
"3872","10",2,"0","Thurs"
"3873","11",1,"0","Thurs"
"3874","12",3,"0","Thurs"
"3875","14",1,"0","Thurs"
"3876","15",3,"0","Thurs"
"3877","16",3,"0","Thurs"
"3878","17",7,"0","Thurs"
"3879","20",3,"0","Thurs"
"3880","21",1,"0","Thurs"
"3881","5",1,"0","Fri"
"3882","8",1,"0","Fri"
"3883","9",1,"0","Fri"
"3884","10",4,"0","Fri"
"3885","11",1,"0","Fri"
"3886","12",1,"0","Fri"
"3887","13",2,"0","Fri"
"3888","14",3,"0","Fri"
"3889","15",1,"0","Fri"
"3890","16",2,"0","Fri"
"3891","17",4,"0","Fri"
"3892","18",3,"0","Fri"
"3893","19",3,"0","Fri"
"3894","20",3,"0","Fri"
"3895","21",1,"0","Fri"
"3896","22",2,"0","Fri"
"3897","23",2,"0","Fri"
"3898","8",1,"0","Sat"
"3899","9",2,"0","Sat"
"3900","10",2,"0","Sat"
"3901","12",6,"0","Sat"
"3902","13",13,"0","Sat"
"3903","14",6,"0","Sat"
"3904","15",14,"0","Sat"
"3905","16",11,"0","Sat"
"3906","17",10,"0","Sat"
"3907","18",7,"0","Sat"
"3908","19",2,"0","Sat"
"3909","20",3,"0","Sat"
"3910","21",5,"0","Sat"
"3911","22",6,"0","Sat"
"3912","23",7,"0","Sat"
"3913","0",5,"0","Sun"
"3914","6",1,"0","Sun"
"3915","7",2,"0","Sun"
"3916","8",2,"0","Sun"
"3917","9",2,"0","Sun"
"3918","10",4,"0","Sun"
"3919","11",3,"0","Sun"
"3920","12",3,"0","Sun"
"3921","13",8,"0","Sun"
"3922","14",14,"0","Sun"
"3923","15",17,"0","Sun"
"3924","16",8,"0","Sun"
"3925","17",8,"0","Sun"
"3926","18",4,"0","Sun"
"3927","19",4,"0","Sun"
"3928","20",6,"0","Sun"
"3929","21",3,"0","Sun"
"3930","22",1,"0","Sun"
"3931","23",2,"0","Sun"
"3932","0",3,"1","Mon"
"3933","2",1,"1","Mon"
"3934","5",1,"1","Mon"
"3935","6",1,"1","Mon"
"3936","7",5,"1","Mon"
"3937","8",2,"1","Mon"
"3938","9",8,"1","Mon"
"3939","10",12,"1","Mon"
"3940","11",5,"1","Mon"
"3941","12",9,"1","Mon"
"3942","13",5,"1","Mon"
"3943","14",4,"1","Mon"
"3944","15",8,"1","Mon"
"3945","16",17,"1","Mon"
"3946","17",4,"1","Mon"
"3947","18",11,"1","Mon"
"3948","19",4,"1","Mon"
"3949","20",1,"1","Mon"
"3950","21",1,"1","Mon"
"3951","22",7,"1","Mon"
"3952","23",8,"1","Mon"
"3953","0",2,"0","Tues"
"3954","4",1,"0","Tues"
"3955","6",1,"0","Tues"
"3956","10",4,"0","Tues"
"3957","11",1,"0","Tues"
"3958","12",2,"0","Tues"
"3959","13",1,"0","Tues"
"3960","14",1,"0","Tues"
"3961","16",2,"0","Tues"
"3962","17",3,"0","Tues"
"3963","18",3,"0","Tues"
"3964","19",4,"0","Tues"
"3965","20",2,"0","Tues"
"3966","21",3,"0","Tues"
"3967","1",2,"0","Wed"
"3968","9",2,"0","Wed"
"3969","10",1,"0","Wed"
"3970","11",4,"0","Wed"
"3971","12",1,"0","Wed"
"3972","13",3,"0","Wed"
"3973","14",5,"0","Wed"
"3974","15",4,"0","Wed"
"3975","16",2,"0","Wed"
"3976","17",2,"0","Wed"
"3977","18",2,"0","Wed"
"3978","19",2,"0","Wed"
"3979","21",2,"0","Wed"
"3980","23",1,"0","Wed"
"3981","0",1,"0","Thurs"
"3982","1",3,"0","Thurs"
"3983","9",3,"0","Thurs"
"3984","10",3,"0","Thurs"
"3985","11",6,"0","Thurs"
"3986","12",2,"0","Thurs"
"3987","13",1,"0","Thurs"
"3988","14",1,"0","Thurs"
"3989","15",10,"0","Thurs"
"3990","16",5,"0","Thurs"
"3991","18",2,"0","Thurs"
"3992","19",4,"0","Thurs"
"3993","20",1,"0","Thurs"
"3994","21",2,"0","Thurs"
"3995","22",1,"0","Thurs"
"3996","23",1,"0","Thurs"
"3997","0",2,"0","Fri"
"3998","1",1,"0","Fri"
"3999","5",1,"0","Fri"
"4000","6",1,"0","Fri"
"4001","12",1,"0","Fri"
"4002","13",1,"0","Fri"
"4003","14",2,"0","Fri"
"4004","15",3,"0","Fri"
"4005","16",1,"0","Fri"
"4006","17",1,"0","Fri"
"4007","18",2,"0","Fri"
"4008","19",4,"0","Fri"
"4009","20",6,"0","Fri"
"4010","21",1,"0","Fri"
"4011","22",1,"0","Fri"
"4012","23",2,"0","Fri"
"4013","0",2,"0","Sat"
"4014","1",1,"0","Sat"
"4015","8",2,"0","Sat"
"4016","9",2,"0","Sat"
"4017","10",1,"0","Sat"
"4018","11",5,"0","Sat"
"4019","12",2,"0","Sat"
"4020","13",4,"0","Sat"
"4021","14",14,"0","Sat"
"4022","15",14,"0","Sat"
"4023","16",17,"0","Sat"
"4024","17",2,"0","Sat"
"4025","18",5,"0","Sat"
"4026","19",2,"0","Sat"
"4027","20",24,"0","Sat"
"4028","21",3,"0","Sat"
"4029","22",5,"0","Sat"
"4030","23",1,"0","Sat"
"4031","0",2,"0","Sun"
"4032","7",2,"0","Sun"
"4033","8",3,"0","Sun"
"4034","9",3,"0","Sun"
"4035","10",4,"0","Sun"
"4036","11",4,"0","Sun"
"4037","12",2,"0","Sun"
"4038","13",15,"0","Sun"
"4039","14",8,"0","Sun"
"4040","15",6,"0","Sun"
"4041","16",6,"0","Sun"
"4042","17",2,"0","Sun"
"4043","18",5,"0","Sun"
"4044","19",3,"0","Sun"
"4045","21",3,"0","Sun"
"4046","22",1,"0","Sun"
"4047","23",1,"0","Sun"
"4048","0",1,"0","Mon"
"4049","1",1,"0","Mon"
"4050","7",1,"0","Mon"
"4051","9",1,"0","Mon"
"4052","10",2,"0","Mon"
"4053","11",2,"0","Mon"
"4054","12",2,"0","Mon"
"4055","13",3,"0","Mon"
"4056","14",3,"0","Mon"
"4057","15",5,"0","Mon"
"4058","16",3,"0","Mon"
"4059","18",3,"0","Mon"
"4060","20",1,"0","Mon"
"4061","22",2,"0","Mon"
"4062","23",5,"0","Mon"
"4063","0",1,"0","Tues"
"4064","1",1,"0","Tues"
"4065","7",1,"0","Tues"
"4066","9",2,"0","Tues"
"4067","10",4,"0","Tues"
"4068","11",1,"0","Tues"
"4069","12",1,"0","Tues"
"4070","13",4,"0","Tues"
"4071","14",2,"0","Tues"
"4072","15",2,"0","Tues"
"4073","16",3,"0","Tues"
"4074","17",1,"0","Tues"
"4075","18",2,"0","Tues"
"4076","19",2,"0","Tues"
"4077","20",4,"0","Tues"
"4078","21",1,"0","Tues"
"4079","22",1,"0","Tues"
"4080","23",1,"0","Tues"
"4081","9",3,"0","Wed"
"4082","10",3,"0","Wed"
"4083","11",1,"0","Wed"
"4084","12",1,"0","Wed"
"4085","13",2,"0","Wed"
"4086","14",1,"0","Wed"
"4087","16",2,"0","Wed"
"4088","17",3,"0","Wed"
"4089","19",5,"0","Wed"
"4090","21",1,"0","Wed"
"4091","22",1,"0","Wed"
"4092","23",1,"0","Wed"
"4093","0",2,"0","Thurs"
"4094","5",1,"0","Thurs"
"4095","8",1,"0","Thurs"
"4096","9",2,"0","Thurs"
"4097","10",4,"0","Thurs"
"4098","11",4,"0","Thurs"
"4099","12",2,"0","Thurs"
"4100","13",2,"0","Thurs"
"4101","14",1,"0","Thurs"
"4102","17",1,"0","Thurs"
"4103","18",2,"0","Thurs"
"4104","19",2,"0","Thurs"
"4105","20",1,"0","Thurs"
"4106","22",1,"0","Thurs"
"4107","23",1,"0","Thurs"
"4108","1",2,"0","Fri"
"4109","8",1,"0","Fri"
"4110","9",1,"0","Fri"
"4111","10",3,"0","Fri"
"4112","11",1,"0","Fri"
"4113","13",4,"0","Fri"
"4114","14",3,"0","Fri"
"4115","15",4,"0","Fri"
"4116","16",5,"0","Fri"
"4117","17",5,"0","Fri"
"4118","18",5,"0","Fri"
"4119","19",2,"0","Fri"
"4120","20",5,"0","Fri"
"4121","23",3,"0","Fri"
"4122","8",2,"0","Sat"
"4123","9",1,"0","Sat"
"4124","10",3,"0","Sat"
"4125","11",1,"0","Sat"
"4126","12",4,"0","Sat"
"4127","13",4,"0","Sat"
"4128","14",10,"0","Sat"
"4129","15",16,"0","Sat"
"4130","16",9,"0","Sat"
"4131","17",16,"0","Sat"
"4132","18",10,"0","Sat"
"4133","19",6,"0","Sat"
"4134","20",3,"0","Sat"
"4135","21",3,"0","Sat"
"4136","22",3,"0","Sat"
"4137","23",5,"0","Sat"
"4138","1",3,"0","Sun"
"4139","7",1,"0","Sun"
"4140","8",2,"0","Sun"
"4141","11",5,"0","Sun"
"4142","12",5,"0","Sun"
"4143","13",2,"0","Sun"
"4144","14",8,"0","Sun"
"4145","15",3,"0","Sun"
"4146","16",3,"0","Sun"
"4147","17",7,"0","Sun"
"4148","18",7,"0","Sun"
"4149","19",4,"0","Sun"
"4150","20",3,"0","Sun"
"4151","21",12,"0","Sun"
"4152","22",6,"0","Sun"
"4153","23",1,"0","Sun"
"4154","1",2,"0","Mon"
"4155","4",1,"0","Mon"
"4156","7",1,"0","Mon"
"4157","9",1,"0","Mon"
"4158","11",3,"0","Mon"
"4159","12",3,"0","Mon"
"4160","13",3,"0","Mon"
"4161","14",1,"0","Mon"
